source,rank,x1,y1,x2,y2,length,angle_degrees
cnn_or_selected_backend,1,142.0,264.0,178.0,1111.0,847.7647079231359,87.56622509034115
cnn_or_selected_backend,2,417.0,1057.0,807.0,667.0,551.5432893255071,135.0
cnn_or_selected_backend,3,2.0,744.0,108.0,1277.0,543.4381289530576,78.75209829876296
cnn_or_selected_backend,4,7.0,749.0,88.0,1160.0,418.9057173159612,78.8510103035582
cnn_or_selected_backend,5,1107.0,1041.0,1107.0,662.0,379.0,90.0
cnn_or_selected_backend,6,173.0,877.0,186.0,1227.0,350.2413453605956,87.8728488871492
cnn_or_selected_backend,7,764.0,1274.0,1110.0,1273.0,346.0014450836875,179.83440572259718
cnn_or_selected_backend,8,1094.0,490.0,1094.0,163.0,327.0,90.0
cnn_or_selected_backend,9,1059.0,668.0,1060.0,366.0,302.00165562460086,90.18972043082532
cnn_or_selected_backend,10,720.0,979.0,989.0,867.0,291.38462553813645,157.3952606533804
cnn_or_selected_backend,11,767.0,910.0,1054.0,883.0,288.2672371255533,174.62562262767563
cnn_or_selected_backend,12,27.0,964.0,80.0,1246.0,286.93727537564723,79.35581217149561
cnn_or_selected_backend,13,635.0,668.0,832.0,865.0,278.6000717874997,45.0
cnn_or_selected_backend,14,417.0,1059.0,606.0,870.0,267.28636328851496,135.0
cnn_or_selected_backend,15,1108.0,1161.0,1108.0,896.0,265.0,90.0
cnn_or_selected_backend,16,491.0,877.0,699.0,713.0,264.8773300982929,141.74557964748283
cnn_or_selected_backend,17,1106.0,1230.0,1106.0,966.0,264.0,90.0
cnn_or_selected_backend,18,53.0,987.0,104.0,1245.0,262.9923953273174,78.81824578980333
cnn_or_selected_backend,19,382.0,976.0,638.0,931.0,259.9249891795708,170.0303280463248
cnn_or_selected_backend,20,145.0,178.0,157.0,433.0,255.28219679405768,87.3057157101439
cnn_or_selected_backend,21,631.0,847.0,811.0,668.0,253.85231927244627,135.1595978588467
cnn_or_selected_backend,22,44.0,1030.0,89.0,1276.0,250.08198655640913,79.63367739654952
cnn_or_selected_backend,23,521.0,872.0,524.0,626.0,246.01829200285087,90.69869438298348
cnn_or_selected_backend,24,153.0,448.0,165.0,676.0,228.31557108528537,86.98721249581666
cnn_or_selected_backend,25,1.0,652.0,3.0,879.0,227.00881040171106,89.49520443144418
cnn_or_selected_backend,26,781.0,955.0,991.0,869.0,226.92730113408567,157.72973207994468
cnn_or_selected_backend,27,537.0,838.0,682.0,671.0,221.16509670379727,130.9665889272298
cnn_or_selected_backend,28,173.0,636.0,181.0,856.0,220.14540649307222,87.91743472026913
cnn_or_selected_backend,29,478.0,873.0,620.0,705.0,219.97272558205938,130.2057679333694
cnn_or_selected_backend,30,260.0,977.0,472.0,1029.0,218.28421839427605,13.781597235653626
cnn_or_selected_backend,31,429.0,946.0,644.0,909.0,218.16049138191818,170.2354421201116
cnn_or_selected_backend,32,956.0,845.0,1021.0,1052.0,216.96543503516867,72.56720750091563
cnn_or_selected_backend,33,793.0,952.0,993.0,872.0,215.40659228538016,158.19859051364818
cnn_or_selected_backend,34,430.0,954.0,642.0,924.0,214.11212016137713,171.94558555361826
cnn_or_selected_backend,35,453.0,991.0,612.0,848.0,213.84573879317773,138.03270261617698
cnn_or_selected_backend,36,1107.0,1066.0,1108.0,1277.0,211.00236965494014,89.72845805431548
cnn_or_selected_backend,37,142.0,177.0,151.0,387.0,210.1927686672403,87.54596832547293
cnn_or_selected_backend,38,363.0,1027.0,521.0,890.0,209.124364912365,139.07181389430764
cnn_or_selected_backend,39,759.0,899.0,961.0,952.0,208.83725721240452,14.701669756307881
cnn_or_selected_backend,40,908.0,1044.0,1109.0,990.0,208.12736485142938,164.96218409641776
cnn_or_selected_backend,41,602.0,878.0,602.0,670.0,208.0,90.0
cnn_or_selected_backend,42,759.0,898.0,960.0,950.0,207.6174366473105,14.50477327719653
cnn_or_selected_backend,43,462.0,941.0,664.0,909.0,204.51894777746145,170.9982448774387
cnn_or_selected_backend,44,181.0,444.0,184.0,648.0,204.02205763103166,89.15747573925958
cnn_or_selected_backend,45,963.0,798.0,963.0,594.0,204.0,90.0
cnn_or_selected_backend,46,444.0,673.0,444.0,470.0,203.0,90.0
cnn_or_selected_backend,47,955.0,861.0,1020.0,1053.0,202.70421801235415,71.29689816063453
cnn_or_selected_backend,48,460.0,954.0,656.0,909.0,201.0994778710278,167.06944853305723
cnn_or_selected_backend,49,454.0,940.0,638.0,1019.0,200.24235316236172,23.236161511222512
cnn_or_selected_backend,50,489.0,884.0,689.0,880.0,200.0399960007998,178.8542371618249
cnn_or_selected_backend,51,1015.0,859.0,1020.0,1052.0,193.06475597581243,88.51598532433789
cnn_or_selected_backend,52,492.0,853.0,681.0,892.0,192.98186443290467,11.659292653522998
cnn_or_selected_backend,53,471.0,925.0,639.0,1017.0,191.54111830100607,28.70595254340109
cnn_or_selected_backend,54,678.0,834.0,808.0,694.0,191.049731745428,132.87890360333853
cnn_or_selected_backend,55,785.0,824.0,951.0,918.0,190.76687343456672,29.521361834581647
cnn_or_selected_backend,56,245.0,1022.0,291.0,837.0,190.63315556324403,103.96334811347478
cnn_or_selected_backend,57,323.0,997.0,508.0,1042.0,190.3943276465977,13.671307132195833
cnn_or_selected_backend,58,493.0,670.0,493.0,480.0,190.0,90.0
cnn_or_selected_backend,59,3.0,1254.0,192.0,1254.0,189.0,0.0
cnn_or_selected_backend,60,524.0,852.0,528.0,664.0,188.04254837669055,91.21887523513129
cnn_or_selected_backend,61,238.0,1025.0,282.0,844.0,186.27130750601393,103.66322934012851
cnn_or_selected_backend,62,164.0,693.0,173.0,876.0,183.22117781522965,87.18444331578877
cnn_or_selected_backend,63,682.0,798.0,811.0,669.0,182.43354954612926,135.0
cnn_or_selected_backend,64,569.0,852.0,569.0,670.0,182.0,90.0
cnn_or_selected_backend,65,679.0,790.0,807.0,662.0,181.01933598375618,135.0
cnn_or_selected_backend,66,908.0,918.0,1043.0,1038.0,180.62391868188442,41.6335393365702
cnn_or_selected_backend,67,472.0,953.0,648.0,916.0,179.84715733088473,168.12774968601545
cnn_or_selected_backend,68,37.0,1012.0,70.0,1188.0,179.06702655709677,79.38034472384487
cnn_or_selected_backend,69,968.0,455.0,969.0,276.0,179.00279327429502,90.32008482378167
cnn_or_selected_backend,70,2.0,1074.0,2.0,1253.0,179.0,90.0
cnn_or_selected_backend,71,1053.0,568.0,1053.0,747.0,179.0,90.0
cnn_or_selected_backend,72,293.0,987.0,466.0,1030.0,178.2638493918495,13.958290074511394
cnn_or_selected_backend,73,418.0,1044.0,546.0,920.0,178.2133552795637,135.90938044919915
cnn_or_selected_backend,74,1097.0,592.0,1097.0,414.0,178.0,90.0
cnn_or_selected_backend,75,499.0,842.0,619.0,711.0,177.65415840897168,132.49063526014828
cnn_or_selected_backend,76,1.0,314.0,1.0,137.0,177.0,90.0
cnn_or_selected_backend,77,258.0,629.0,433.0,629.0,175.0,0.0
cnn_or_selected_backend,78,939.0,1040.0,1109.0,1000.0,174.64249196572982,166.7594800848128
cnn_or_selected_backend,79,847.0,1235.0,1021.0,1230.0,174.07182425654074,178.35402250243595
cnn_or_selected_backend,80,351.0,886.0,474.0,1009.0,173.9482681718907,45.0
cnn_or_selected_backend,81,768.0,921.0,941.0,928.0,173.1415605797753,2.317062385871327
cnn_or_selected_backend,82,1097.0,171.0,1098.0,343.0,172.00290695217916,89.66688875607863
cnn_or_selected_backend,83,625.0,668.0,746.0,789.0,171.1198410471445,45.0
cnn_or_selected_backend,84,492.0,877.0,661.0,900.0,170.55790805471318,7.750036422919295
cnn_or_selected_backend,85,142.0,573.0,148.0,743.0,170.10584939971935,87.97863505964398
cnn_or_selected_backend,86,155.0,228.0,161.0,398.0,170.10584939971935,87.97863505964398
cnn_or_selected_backend,87,573.0,839.0,573.0,669.0,170.0,90.0
cnn_or_selected_backend,88,470.0,927.0,639.0,943.0,169.75570682601514,5.408332157475353
cnn_or_selected_backend,89,868.0,882.0,1035.0,910.0,169.33103672983285,9.51794916094876
cnn_or_selected_backend,90,868.0,884.0,1035.0,911.0,169.1685549976709,9.183919250844347
cnn_or_selected_backend,91,870.0,887.0,1036.0,912.0,167.87197502859135,8.564518642575582
cnn_or_selected_backend,92,167.0,507.0,174.0,674.0,167.14664220378464,87.59978553914337
cnn_or_selected_backend,93,448.0,993.0,613.0,968.0,166.88319268278636,171.38435181583588
cnn_or_selected_backend,94,3.0,540.0,169.0,535.0,166.0752841334315,178.27474512452736
cnn_or_selected_backend,95,920.0,925.0,1044.0,1034.0,165.0969412193939,41.31651361083951
cnn_or_selected_backend,96,464.0,936.0,589.0,829.0,164.54178800535746,139.43647448565736
cnn_or_selected_backend,97,788.0,886.0,904.0,1002.0,164.04877323527901,45.0
cnn_or_selected_backend,98,632.0,668.0,733.0,796.0,163.04907236779974,51.72435309310964
cnn_or_selected_backend,99,594.0,872.0,594.0,709.0,163.0,90.0
cnn_or_selected_backend,100,143.0,310.0,150.0,472.0,162.15116404145854,87.52579553182956
cnn_or_selected_backend,101,634.0,668.0,733.0,795.0,161.02794788483146,52.06260267041578
cnn_or_selected_backend,102,1004.0,560.0,1005.0,720.0,160.00312496948303,89.64190604067643
cnn_or_selected_backend,103,606.0,878.0,719.0,765.0,159.80613254815975,135.0
cnn_or_selected_backend,104,284.0,625.0,443.0,625.0,159.0,0.0
cnn_or_selected_backend,105,142.0,646.0,300.0,644.0,158.01265772082945,179.27477570094075
cnn_or_selected_backend,106,988.0,860.0,1031.0,1012.0,157.96518603793686,74.20407101092607
cnn_or_selected_backend,107,6.0,833.0,35.0,988.0,157.68956845650888,79.40266485497644
cnn_or_selected_backend,108,734.0,977.0,881.0,920.0,157.66420012165096,158.80594351845772
cnn_or_selected_backend,109,181.0,1202.0,338.0,1192.0,157.31814898478814,176.35551048722843
cnn_or_selected_backend,110,179.0,968.0,186.0,1125.0,157.15597347857954,87.44710185282825
cnn_or_selected_backend,111,684.0,775.0,799.0,668.0,157.07959765672945,137.06381972845696
cnn_or_selected_backend,112,645.0,668.0,734.0,795.0,155.08062419270823,54.97771262015058
cnn_or_selected_backend,113,652.0,890.0,726.0,755.0,153.95129099815955,118.72926878445519
cnn_or_selected_backend,114,648.0,668.0,736.0,794.0,153.68799562750502,55.06906269888942
cnn_or_selected_backend,115,892.0,1044.0,948.0,901.0,153.57408635573907,111.38572793192836
cnn_or_selected_backend,116,702.0,775.0,811.0,667.0,153.44380078712857,135.2640339812591
cnn_or_selected_backend,117,1052.0,621.0,1054.0,469.0,152.0131573252789,90.75384833307076
cnn_or_selected_backend,118,383.0,777.0,384.0,625.0,152.00328943809077,90.37694047959712
cnn_or_selected_backend,119,652.0,669.0,737.0,794.0,151.16216457830973,55.7842978675626
cnn_or_selected_backend,120,505.0,829.0,654.0,852.0,150.7647173578752,8.775055744479678
cnn_or_selected_backend,121,302.0,796.0,450.0,816.0,149.34523762075577,7.696051722016569
cnn_or_selected_backend,122,661.0,666.0,739.0,793.0,149.04026301640775,58.44286765683037
cnn_or_selected_backend,123,883.0,940.0,1026.0,981.0,148.7615541731129,15.99830057611188
cnn_or_selected_backend,124,883.0,947.0,1027.0,980.0,147.73286702694156,12.907408671265838
cnn_or_selected_backend,125,257.0,1191.0,404.0,1182.0,147.27525250360293,176.49646835521554
cnn_or_selected_backend,126,37.0,566.0,182.0,564.0,145.01379244747721,179.2097634975708
cnn_or_selected_backend,127,2.0,460.0,2.0,315.0,145.0,90.0
cnn_or_selected_backend,128,897.0,921.0,1035.0,877.0,144.84474446799925,162.31560797344224
cnn_or_selected_backend,129,800.0,642.0,800.0,498.0,144.0,90.0
cnn_or_selected_backend,130,573.0,1048.0,629.0,916.0,143.38758663147937,112.98871680208063
cnn_or_selected_backend,131,39.0,865.0,182.0,871.0,143.1258187749506,2.402609468986042
cnn_or_selected_backend,132,761.0,938.0,892.0,881.0,142.86357128393507,156.4854433170634
cnn_or_selected_backend,133,536.0,838.0,637.0,737.0,142.8355697996826,135.0
cnn_or_selected_backend,134,326.0,1016.0,468.0,1018.0,142.01408380861386,0.8069294551023745
cnn_or_selected_backend,135,1090.0,667.0,1090.0,525.0,142.0,90.0
cnn_or_selected_backend,136,372.0,912.0,486.0,996.0,141.60508465447137,36.384351815835885
cnn_or_selected_backend,137,190.0,1037.0,196.0,1178.0,141.12760183606892,87.56335175318986
cnn_or_selected_backend,138,0.0,571.0,141.0,568.0,141.0319112825179,178.7811247648687
cnn_or_selected_backend,139,233.0,626.0,374.0,626.0,141.0,0.0
cnn_or_selected_backend,140,2.0,194.0,141.0,177.0,140.03570973148243,173.02723071397355
cnn_or_selected_backend,141,387.0,647.0,527.0,647.0,140.0,0.0
cnn_or_selected_backend,142,981.0,1180.0,1108.0,1236.0,138.7984149765407,23.794835379877796
cnn_or_selected_backend,143,606.0,779.0,728.0,713.0,138.70832707519762,151.58733855692742
cnn_or_selected_backend,144,419.0,974.0,555.0,952.0,137.7679207943562,170.81116392264124
cnn_or_selected_backend,145,426.0,761.0,430.0,624.0,137.05838172107534,91.67239436108926
cnn_or_selected_backend,146,1061.0,138.0,1062.0,1.0,137.00364958642524,90.41820994149708
cnn_or_selected_backend,147,761.0,932.0,896.0,914.0,136.194713553794,172.40535663140855
cnn_or_selected_backend,148,572.0,896.0,682.0,976.0,136.01470508735443,36.02737338510361
cnn_or_selected_backend,149,186.0,512.0,186.0,648.0,136.0,90.0
cnn_or_selected_backend,150,857.0,909.0,982.0,856.0,135.77186748365804,157.02305549681125
cnn_or_selected_backend,151,262.0,978.0,387.0,1031.0,135.77186748365804,22.97694450318875
cnn_or_selected_backend,152,678.0,823.0,774.0,727.0,135.7645019878171,135.0
cnn_or_selected_backend,153,729.0,1220.0,864.0,1234.0,135.72398461583714,5.920620714046804
cnn_or_selected_backend,154,390.0,981.0,524.0,961.0,135.4843164355196,171.5110561194953
cnn_or_selected_backend,155,138.0,565.0,143.0,700.0,135.09256086106296,87.87890360333854
cnn_or_selected_backend,156,799.0,1235.0,934.0,1232.0,135.03332921912278,178.72696997994328
cnn_or_selected_backend,157,966.0,1131.0,1032.0,1014.0,134.33167906342868,119.42745640318974
cnn_or_selected_backend,158,478.0,871.0,612.0,873.0,134.01492454200763,0.8550973962667232
cnn_or_selected_backend,159,430.0,951.0,562.0,930.0,133.6600164596728,170.96051719664487
cnn_or_selected_backend,160,845.0,893.0,976.0,919.0,133.55523202031435,11.225797762814395
cnn_or_selected_backend,161,971.0,924.0,1104.0,914.0,133.37541002748594,175.70013717980794
cnn_or_selected_backend,162,838.0,1250.0,971.0,1244.0,133.13526955694348,177.41697933136496
cnn_or_selected_backend,163,431.0,756.0,435.0,623.0,133.06013678032951,91.72266207162279
cnn_or_selected_backend,164,589.0,765.0,680.0,668.0,133.00375934536586,133.172031755695
cnn_or_selected_backend,165,1058.0,1.0,1058.0,134.0,133.0,90.0
cnn_or_selected_backend,166,697.0,1168.0,800.0,1252.0,132.90974381135493,39.198413112353
cnn_or_selected_backend,167,508.0,971.0,571.0,855.0,132.00378782444085,118.50653756799237
cnn_or_selected_backend,168,356.0,1006.0,420.0,1121.0,131.60927019021113,60.903111200471976
cnn_or_selected_backend,169,978.0,922.0,1032.0,1042.0,131.59027319676784,65.77225468204583
cnn_or_selected_backend,170,734.0,760.0,821.0,858.0,131.04579352272242,48.402769771061756
cnn_or_selected_backend,171,597.0,801.0,600.0,670.0,131.03434664239754,91.31188778250412
cnn_or_selected_backend,172,440.0,542.0,441.0,412.0,130.00384609695206,90.44072807276102
cnn_or_selected_backend,173,1103.0,1025.0,1104.0,896.0,129.00387591076478,90.44414443311193
cnn_or_selected_backend,174,203.0,1013.0,331.0,998.0,128.87590930814028,173.31613589196587
cnn_or_selected_backend,175,302.0,801.0,415.0,862.0,128.41339493993607,28.361194329573717
cnn_or_selected_backend,176,912.0,1140.0,1030.0,1190.0,128.15615474880636,22.963773059854553
cnn_or_selected_backend,177,698.0,1172.0,798.0,1252.0,128.06248474865697,38.65980825409009
cnn_or_selected_backend,178,204.0,1011.0,329.0,987.0,127.283148923964,169.1314746598313
cnn_or_selected_backend,179,976.0,925.0,1103.0,932.0,127.1927670899568,3.154842864791977
cnn_or_selected_backend,180,8.0,544.0,134.0,540.0,126.0634760745554,178.18169703554815
cnn_or_selected_backend,181,502.0,967.0,617.0,1018.0,125.80143083447024,23.916245417619354
cnn_or_selected_backend,182,623.0,1154.0,745.0,1182.0,125.1718818265508,12.925999124705953
cnn_or_selected_backend,183,763.0,929.0,884.0,961.0,125.15989773086265,14.81346411880467
cnn_or_selected_backend,184,510.0,1042.0,515.0,1167.0,125.09996003196804,87.70938995736148
cnn_or_selected_backend,185,524.0,936.0,526.0,812.0,124.01612798341996,90.92404535277271
cnn_or_selected_backend,186,928.0,1141.0,1037.0,1199.0,123.47064428438041,28.01789354645458
cnn_or_selected_backend,187,689.0,1253.0,812.0,1247.0,123.14625451064275,177.2072976342867
cnn_or_selected_backend,188,150.0,377.0,156.0,500.0,123.14625451064275,87.20729763428672
cnn_or_selected_backend,189,361.0,1019.0,420.0,1127.0,123.06502346320826,61.35238354319113
cnn_or_selected_backend,190,302.0,807.0,422.0,833.0,122.78436382536663,12.225122675735753
cnn_or_selected_backend,191,917.0,864.0,1039.0,875.0,122.494897852931,5.152081702206227
cnn_or_selected_backend,192,302.0,798.0,421.0,826.0,122.24974437601087,13.240519915187205
cnn_or_selected_backend,193,490.0,987.0,612.0,981.0,122.14745187681976,177.18444331578877
cnn_or_selected_backend,194,270.0,1094.0,341.0,995.0,121.82774724995944,125.64702074990674
cnn_or_selected_backend,195,467.0,938.0,586.0,917.0,120.83873551142449,169.99202019855866
cnn_or_selected_backend,196,2.0,222.0,122.0,208.0,120.81390648431164,173.3455749539934
cnn_or_selected_backend,197,302.0,805.0,422.0,817.0,120.59850745345068,5.710593137499642
cnn_or_selected_backend,198,944.0,1027.0,1061.0,998.0,120.5404496424333,166.07903963507925
cnn_or_selected_backend,199,757.0,891.0,875.0,915.0,120.41594578792295,11.49656301758578
cnn_or_selected_backend,200,430.0,947.0,549.0,929.0,120.3536455617361,171.3986151412851
cnn_or_selected_backend,201,409.0,941.0,521.0,985.0,120.33287165193059,21.44773632710535
cnn_or_selected_backend,202,303.0,812.0,420.0,839.0,120.07497657713701,12.994616791916505
cnn_or_selected_backend,203,342.0,1274.0,462.0,1274.0,120.0,0.0
cnn_or_selected_backend,204,302.0,803.0,421.0,815.0,119.60351165413162,5.75826016436676
cnn_or_selected_backend,205,172.0,768.0,178.0,887.0,119.15116449284078,87.11358145613539
cnn_or_selected_backend,206,1.0,432.0,1.0,551.0,119.0,90.0
cnn_or_selected_backend,207,441.0,959.0,558.0,939.0,118.69709347747316,170.2996080560542
cnn_or_selected_backend,208,765.0,926.0,879.0,959.0,118.68024266911489,16.14433878028348
cnn_or_selected_backend,209,982.0,928.0,1100.0,918.0,118.4229707446997,175.15599962491933
cnn_or_selected_backend,210,487.0,886.0,605.0,883.0,118.03812943282352,178.5436413656603
cnn_or_selected_backend,211,437.0,951.0,555.0,948.0,118.03812943282352,178.5436413656603
cnn_or_selected_backend,212,571.0,1273.0,689.0,1274.0,118.00423721205946,0.4855458300081336
cnn_or_selected_backend,213,303.0,784.0,417.0,814.0,117.881296226331,14.743562836470735
cnn_or_selected_backend,214,445.0,1028.0,504.0,926.0,117.83462988442744,120.04643524681049
cnn_or_selected_backend,215,995.0,1014.0,1109.0,985.0,117.63077828527702,165.72748661559967
cnn_or_selected_backend,216,360.0,1018.0,413.0,1123.0,117.61802582937702,63.217095197824854
cnn_or_selected_backend,217,305.0,802.0,414.0,845.0,117.17508267545622,21.529006881839123
cnn_or_selected_backend,218,271.0,1182.0,388.0,1178.0,117.06835610018618,178.04193257076597
cnn_or_selected_backend,219,812.0,728.0,812.0,611.0,117.0,90.0
cnn_or_selected_backend,220,9.0,869.0,30.0,984.0,116.90166808048549,79.65131591200455
cnn_or_selected_backend,221,308.0,817.0,422.0,841.0,116.49892703368559,11.888658039627975
cnn_or_selected_backend,222,148.0,750.0,154.0,866.0,116.15506876585283,87.03906386583625
cnn_or_selected_backend,223,182.0,858.0,185.0,974.0,116.03878661895772,88.51854282911292
cnn_or_selected_backend,224,303.0,783.0,399.0,847.0,115.37764081484765,33.690067525979785
cnn_or_selected_backend,225,162.0,571.0,169.0,686.0,115.2128465059344,86.51672853100233
cnn_or_selected_backend,226,496.0,979.0,611.0,976.0,115.03912377969506,178.50566640873348
cnn_or_selected_backend,227,761.0,943.0,865.0,894.0,114.96521212958292,154.7723505325714
cnn_or_selected_backend,228,157.0,309.0,161.0,423.0,114.0701538527936,87.99044618697886
cnn_or_selected_backend,229,792.0,747.0,796.0,633.0,114.0701538527936,92.00955381302114
cnn_or_selected_backend,230,208.0,1005.0,316.0,971.0,113.22543883774529,162.52522574374433
cnn_or_selected_backend,231,478.0,872.0,591.0,874.0,113.01769772916099,1.0139787227853019
cnn_or_selected_backend,232,991.0,932.0,1103.0,920.0,112.64102272262978,173.8844964337146
cnn_or_selected_backend,233,999.0,1007.0,1109.0,983.0,112.58774356030055,167.69198418257207
cnn_or_selected_backend,234,499.0,841.0,607.0,870.0,111.8257573191436,15.030430523433274
cnn_or_selected_backend,235,1001.0,702.0,1001.0,591.0,111.0,90.0
cnn_or_selected_backend,236,230.0,1009.0,339.0,989.0,110.81967334368028,169.60266647756364
cnn_or_selected_backend,237,997.0,1031.0,1105.0,1007.0,110.63453348751464,167.47119229084848
cnn_or_selected_backend,238,739.0,976.0,842.0,936.0,110.4943437466371,158.7763434972338
cnn_or_selected_backend,239,302.0,804.0,409.0,831.0,110.35397591387454,14.162168055312756
cnn_or_selected_backend,240,917.0,875.0,1026.0,891.0,110.16805344563369,8.350752532331411
cnn_or_selected_backend,241,1091.0,524.0,1091.0,414.0,110.0,90.0
cnn_or_selected_backend,242,808.0,925.0,808.0,815.0,110.0,90.0
cnn_or_selected_backend,243,665.0,707.0,773.0,725.0,109.48972554536796,9.462322208025617
cnn_or_selected_backend,244,682.0,803.0,724.0,702.0,109.38464243210744,112.57957256402631
cnn_or_selected_backend,245,478.0,868.0,587.0,869.0,109.00458705944443,0.5256346064576132
cnn_or_selected_backend,246,1109.0,1226.0,1109.0,1117.0,109.0,90.0
cnn_or_selected_backend,247,682.0,794.0,724.0,694.0,108.46197490364999,112.78240573048168
cnn_or_selected_backend,248,900.0,884.0,1007.0,901.0,108.34205093129813,9.027612950715096
cnn_or_selected_backend,249,212.0,1000.0,316.0,970.0,108.24047302187847,163.90918365114783
cnn_or_selected_backend,250,388.0,732.0,388.0,624.0,108.0,90.0
cnn_or_selected_backend,251,760.0,956.0,859.0,913.0,107.93516572461452,156.52260010790707
cnn_or_selected_backend,252,502.0,848.0,607.0,872.0,107.70793842609746,12.875001559612476
cnn_or_selected_backend,253,1020.0,869.0,1032.0,976.0,107.67079455451233,83.60104337263108
cnn_or_selected_backend,254,850.0,957.0,957.0,946.0,107.56393447619885,174.13039955698528
cnn_or_selected_backend,255,181.0,1197.0,280.0,1157.0,106.77546534667971,157.9993016494594
cnn_or_selected_backend,256,509.0,824.0,615.0,832.0,106.30145812734649,4.316027519865624
cnn_or_selected_backend,257,603.0,819.0,623.0,923.0,105.90561835898981,79.11447294534128
cnn_or_selected_backend,258,1008.0,1014.0,1110.0,986.0,105.77334257741882,164.6498635075756
cnn_or_selected_backend,259,901.0,1013.0,938.0,914.0,105.6882207249228,110.49259476987028
cnn_or_selected_backend,260,353.0,1177.0,458.0,1188.0,105.57461816175325,5.980599524763449
cnn_or_selected_backend,261,420.0,982.0,523.0,967.0,104.08650248711405,171.71420297604624
cnn_or_selected_backend,262,1005.0,922.0,1109.0,926.0,104.0768946500615,2.2025981617658053
cnn_or_selected_backend,263,303.0,791.0,405.0,806.0,103.0970416646375,8.36588612403259
cnn_or_selected_backend,264,175.0,1043.0,179.0,1146.0,103.07764064044152,87.77603875961452
cnn_or_selected_backend,265,389.0,1042.0,389.0,1145.0,103.0,90.0
cnn_or_selected_backend,266,487.0,671.0,489.0,569.0,102.0196059588548,91.12330271407542
cnn_or_selected_backend,267,501.0,854.0,603.0,854.0,102.0,0.0
cnn_or_selected_backend,268,671.0,748.0,771.0,768.0,101.9803902718557,11.309932474020213
cnn_or_selected_backend,269,302.0,810.0,401.0,834.0,101.86756107809786,13.62699485989154
cnn_or_selected_backend,270,498.0,626.0,501.0,727.0,101.04454463255303,88.29864539467387
cnn_or_selected_backend,271,505.0,669.0,505.0,770.0,101.0,90.0
cnn_or_selected_backend,272,731.0,1260.0,743.0,1160.0,100.71742649611338,96.84277341263093
cnn_or_selected_backend,273,872.0,1041.0,970.0,1018.0,100.66280345788111,166.7920715372209
cnn_or_selected_backend,274,928.0,746.0,958.0,842.0,100.57832768544127,72.64597536373867
cnn_or_selected_backend,275,506.0,828.0,606.0,835.0,100.24470060806208,4.004172940709387
cnn_or_selected_backend,276,350.0,961.0,450.0,966.0,100.12492197250393,2.8624052261117474
cnn_or_selected_backend,277,182.0,400.0,185.0,500.0,100.04498987955368,88.28164199834454
cnn_or_selected_backend,278,756.0,934.0,855.0,946.0,99.72462083156798,6.911227119024681
cnn_or_selected_backend,279,328.0,1201.0,424.0,1175.0,99.45853407325085,164.8459319496874
cnn_or_selected_backend,280,179.0,1026.0,278.0,1019.0,99.24716620639605,175.9555144258189
cnn_or_selected_backend,281,1004.0,936.0,1103.0,929.0,99.24716620639605,175.9555144258189
cnn_or_selected_backend,282,137.0,176.0,143.0,275.0,99.18165152889924,86.53177074108285
cnn_or_selected_backend,283,587.0,939.0,588.0,840.0,99.00505037623081,90.57872556560775
cnn_or_selected_backend,284,963.0,920.0,963.0,821.0,99.0,90.0
cnn_or_selected_backend,285,570.0,1272.0,669.0,1272.0,99.0,0.0
cnn_or_selected_backend,286,815.0,920.0,913.0,923.0,98.04590761474952,1.7534048600715397
cnn_or_selected_backend,287,879.0,929.0,976.0,920.0,97.41663102366043,174.6990734834743
cnn_or_selected_backend,288,760.0,946.0,856.0,931.0,97.16480844420988,171.11934084947976
cnn_or_selected_backend,289,177.0,896.0,182.0,993.0,97.12878049270464,87.04922089099365
cnn_or_selected_backend,290,928.0,876.0,1025.0,881.0,97.12878049270464,2.9507791090063504
cnn_or_selected_backend,291,949.0,979.0,951.0,882.0,97.02061636580135,91.18118891332664
cnn_or_selected_backend,292,1105.0,1026.0,1105.0,929.0,97.0,90.0
cnn_or_selected_backend,293,248.0,970.0,341.0,994.0,96.04686356149273,14.470294100065887
cnn_or_selected_backend,294,1102.0,989.0,1103.0,893.0,96.00520819205592,90.59680945122918
cnn_or_selected_backend,295,1096.0,120.0,1096.0,24.0,96.0,90.0
cnn_or_selected_backend,296,429.0,960.0,524.0,963.0,95.04735661763561,1.8087393224920654
cnn_or_selected_backend,297,497.0,1035.0,499.0,1130.0,95.02105029939419,88.79395122078004
cnn_or_selected_backend,298,229.0,1004.0,322.0,987.0,94.54099639838793,169.6409475119163
cnn_or_selected_backend,299,1010.0,1022.0,1104.0,1026.0,94.08506789071261,2.436648246810131
cnn_or_selected_backend,300,317.0,1015.0,410.0,1001.0,94.04786015641186,171.4391104288354
cnn_or_selected_backend,301,752.0,858.0,846.0,860.0,94.02127418834527,1.2188752351312977
cnn_or_selected_backend,302,274.0,1190.0,367.0,1189.0,93.00537618869137,179.38394009160078
canny_control,1,1109.0,1270.0,1109.0,0.0,1270.0,90.0
canny_control,2,544.0,714.0,1063.0,1020.0,602.4923236025502,30.523404813462967
canny_control,3,360.0,1090.0,802.0,689.0,596.7956099034242,137.7844333833038
canny_control,4,347.0,1091.0,735.0,723.0,534.7597591442347,136.51540790002213
canny_control,5,525.0,743.0,1004.0,946.0,520.2403290787826,22.96721053162347
canny_control,6,630.0,819.0,1081.0,1024.0,495.40488491737744,24.443954780416536
canny_control,7,403.0,1099.0,637.0,672.0,486.9137500625753,118.72315405500434
canny_control,8,647.0,680.0,943.0,1062.0,483.2597645159382,52.22900131551944
canny_control,9,562.0,724.0,960.0,956.0,460.6821029734062,30.238532233014272
canny_control,10,454.0,993.0,789.0,680.0,458.46919198567747,136.9444802136472
canny_control,11,1110.0,1195.0,1110.0,737.0,458.0,90.0
canny_control,12,161.0,650.0,180.0,1107.0,457.39479664727276,87.61927083985374
canny_control,13,642.0,672.0,969.0,982.0,450.5873944086763,43.47127612695805
canny_control,14,525.0,770.0,914.0,981.0,442.54039363655835,28.476132566054954
canny_control,15,159.0,1019.0,592.0,943.0,439.6191533589045,170.04486910392802
canny_control,16,438.0,1047.0,657.0,667.0,438.5897855627739,119.9555265960976
canny_control,17,524.0,777.0,911.0,983.0,438.41190677261494,28.02636126795922
canny_control,18,2.0,733.0,85.0,1155.0,430.0848753443906,78.87295356997018
canny_control,19,453.0,1100.0,861.0,1217.0,424.4443426410582,16.001022853845996
canny_control,20,684.0,1277.0,1107.0,1277.0,423.0,0.0
canny_control,21,510.0,830.0,923.0,900.0,418.890200410561,9.619727799698852
canny_control,22,462.0,1094.0,863.0,1215.0,418.8579711549011,16.790959329816214
canny_control,23,270.0,1004.0,665.0,1112.0,409.4984737456295,15.291933291810091
canny_control,24,480.0,873.0,889.0,881.0,409.0782321268146,1.1205569538094962
canny_control,25,429.0,978.0,738.0,725.0,399.3619911809335,140.69040435062794
canny_control,26,480.0,869.0,876.0,874.0,396.0315643985969,0.723393119427638
canny_control,27,338.0,1077.0,600.0,788.0,390.0833244321013,132.1946467668586
canny_control,28,575.0,720.0,848.0,993.0,386.08030252785494,45.0
canny_control,29,722.0,708.0,916.0,1041.0,385.3894134508627,59.77566730426121
canny_control,30,574.0,817.0,912.0,984.0,377.0053050024628,26.293187122410785
canny_control,31,964.0,919.0,965.0,544.0,375.00133333096295,90.15278838320386
canny_control,32,462.0,1077.0,745.0,831.0,374.97333238511777,139.00093948375277
canny_control,33,213.0,1115.0,432.0,813.0,373.048254251377,125.94832919863406
canny_control,34,145.0,301.0,162.0,672.0,371.38928363645607,87.37642210721644
canny_control,35,211.0,1064.0,575.0,998.0,369.935129448394,169.72285941858757
canny_control,36,675.0,717.0,916.0,980.0,356.72117963473937,47.499419596520724
canny_control,37,214.0,1106.0,411.0,814.0,352.239975017033,124.00586783712204
canny_control,38,762.0,1278.0,1108.0,1278.0,346.0,0.0
canny_control,39,1091.0,895.0,1091.0,549.0,346.0,90.0
canny_control,40,243.0,2.0,585.0,2.0,342.0,0.0
canny_control,41,442.0,1058.0,609.0,762.0,339.8602654032978,119.43122140380945
canny_control,42,773.0,923.0,1110.0,882.0,339.4849039353591,173.06338706982606
canny_control,43,765.0,933.0,1101.0,967.0,337.7158568974812,5.778119069126657
canny_control,44,442.0,1059.0,680.0,821.0,336.5828278447966,135.0
canny_control,45,791.0,810.0,1022.0,1052.0,334.55193916640206,46.33221985386964
canny_control,46,762.0,1279.0,1096.0,1279.0,334.0,0.0
canny_control,47,302.0,928.0,611.0,1052.0,332.9519484850629,21.865319977986086
canny_control,48,691.0,1141.0,1018.0,1203.0,332.8257802514703,10.735980988351308
canny_control,49,646.0,683.0,877.0,922.0,332.3883271115278,45.97515314309257
canny_control,50,482.0,877.0,813.0,887.0,331.15102294874464,1.7304639615293855
canny_control,51,695.0,930.0,1019.0,989.0,329.3281038721111,10.320407516594477
canny_control,52,511.0,814.0,835.0,863.0,327.6842992882021,8.599932052297207
canny_control,53,45.0,955.0,107.0,1270.0,321.04361074470864,78.86506936269392
canny_control,54,673.0,746.0,899.0,972.0,319.6122650963195,45.0
canny_control,55,740.0,909.0,1059.0,916.0,319.0767932645682,1.2570724158145117
canny_control,56,339.0,785.0,350.0,1103.0,318.190194694934,88.01886044603462
canny_control,57,302.0,923.0,593.0,1043.0,314.77134558278965,22.409837371493264
canny_control,58,1111.0,1045.0,1111.0,732.0,313.0,90.0
canny_control,59,666.0,720.0,882.0,944.0,311.17840542042757,46.041626676009976
canny_control,60,700.0,712.0,867.0,974.0,310.6976021793538,57.48637687550136
canny_control,61,542.0,751.0,758.0,967.0,305.47012947258855,45.0
canny_control,62,672.0,855.0,973.0,904.0,304.9622927510875,9.246112745563252
canny_control,63,475.0,945.0,671.0,1178.0,304.4749579193665,49.92939565313761
canny_control,64,162.0,1137.0,385.0,931.0,303.58689036254515,137.26927480642
canny_control,65,788.0,902.0,1083.0,971.0,302.9620438272755,13.16471756731542
canny_control,66,231.0,1149.0,382.0,890.0,299.8032688280767,120.24268067411458
canny_control,67,524.0,791.0,780.0,947.0,299.7865907608277,31.35708522400993
canny_control,68,524.0,794.0,777.0,952.0,298.28342226815084,31.985022235410714
canny_control,69,386.0,627.0,387.0,925.0,298.00167784762556,89.80773300520143
canny_control,70,542.0,735.0,828.0,812.0,296.1840643923977,15.068488159492212
canny_control,71,324.0,1057.0,611.0,991.0,294.49108645254444,167.04913156775137
canny_control,72,524.0,786.0,815.0,830.0,294.3076621496627,8.598149728173567
canny_control,73,740.0,933.0,1026.0,977.0,289.36482163524994,8.74616226255521
canny_control,74,875.0,1040.0,965.0,765.0,289.35272592460575,108.12186024790135
canny_control,75,408.0,946.0,670.0,1067.0,288.59140666346946,24.789006923719256
canny_control,76,557.0,966.0,564.0,678.0,288.0850568842473,91.39233161727722
canny_control,77,563.0,699.0,756.0,911.0,286.69321582486043,47.685980794433945
canny_control,78,411.0,958.0,673.0,1071.0,285.3296339324046,23.330425944842222
canny_control,79,356.0,814.0,368.0,1099.0,285.25251970841555,87.58897025338877
canny_control,80,925.0,781.0,1033.0,1045.0,285.2367437761131,67.75097634278764
canny_control,81,586.0,952.0,592.0,671.0,281.06404963993526,91.22321155386312
canny_control,82,2.0,1186.0,2.0,905.0,281.0,90.0
canny_control,83,910.0,806.0,1036.0,1057.0,280.85049403552773,63.34371358233799
canny_control,84,716.0,823.0,979.0,920.0,280.3176769310134,20.245048218039763
canny_control,85,758.0,1142.0,1023.0,1233.0,280.1892217769984,18.952278145708082
canny_control,86,1107.0,978.0,1108.0,1258.0,280.0017857085915,89.79537308603415
canny_control,87,422.0,978.0,680.0,1086.0,279.69268849936,22.714412353167237
canny_control,88,693.0,825.0,869.0,1038.0,276.3059898011623,50.43338119038535
canny_control,89,673.0,931.0,943.0,981.0,274.5906043549196,10.491477012331599
canny_control,90,715.0,796.0,912.0,987.0,274.3902330623304,44.11405340614576
canny_control,91,301.0,750.0,374.0,1013.0,272.94321753800733,74.48712567294147
canny_control,92,1002.0,652.0,1004.0,380.0,272.0073528417936,90.4212849041686
canny_control,93,571.0,946.0,572.0,674.0,272.0018382290826,90.21064529915539
canny_control,94,673.0,739.0,875.0,921.0,271.89703933658416,42.018538780017806
canny_control,95,905.0,727.0,905.0,458.0,269.0,90.0
canny_control,96,411.0,1043.0,667.0,1123.0,268.2088738278434,17.35402463626132
canny_control,97,789.0,890.0,1057.0,899.0,268.1510768205118,1.9233891775196486
canny_control,98,229.0,1136.0,413.0,941.0,268.1063221932672,133.3375285132437
canny_control,99,204.0,1095.0,395.0,907.0,268.00186566514793,135.45351912595797
canny_control,100,674.0,749.0,862.0,936.0,265.1659857523208,44.84721161679615
canny_control,101,763.0,876.0,1024.0,922.0,265.02264054227516,9.995456133987654
canny_control,102,440.0,1010.0,668.0,1143.0,263.9564357995463,30.256437163529263
canny_control,103,632.0,942.0,787.0,729.0,263.4274093559742,126.0433643920881
canny_control,104,787.0,898.0,1040.0,956.0,259.5630944491146,12.911891207597883
canny_control,105,872.0,870.0,1055.0,1053.0,258.8010819142764,45.0
canny_control,106,768.0,927.0,1026.0,943.0,258.49564793241683,3.5486819739044466
canny_control,107,620.0,926.0,857.0,827.0,256.8462575160479,157.32865637801916
canny_control,108,434.0,1009.0,678.0,1088.0,256.47027118167125,17.94042293246083
canny_control,109,438.0,1006.0,681.0,1088.0,256.46247288833507,18.646892786587088
canny_control,110,403.0,952.0,638.0,1054.0,256.1815762306103,23.46289515635014
canny_control,111,40.0,1018.0,87.0,1268.0,254.37963754986365,79.35267228962219
canny_control,112,335.0,911.0,360.0,1163.0,253.23704310388715,84.33443300609048
canny_control,113,491.0,644.0,492.0,391.0,253.00197627686626,90.22646435234118
canny_control,114,788.0,897.0,1039.0,904.0,251.09759058979438,1.597476197245625
canny_control,115,611.0,924.0,829.0,800.0,250.79872407968904,150.36846332179613
canny_control,116,336.0,778.0,340.0,1027.0,249.0321264415497,89.07966503315095
canny_control,117,415.0,940.0,643.0,1039.0,248.5658866377283,23.470993118160877
canny_control,118,450.0,1096.0,694.0,1067.0,245.7173172570464,173.22205126580096
canny_control,119,763.0,951.0,985.0,858.0,240.69275020241054,157.27026792005532
canny_control,120,967.0,463.0,968.0,224.0,239.00209204105306,90.23972989608085
canny_control,121,525.0,758.0,742.0,858.0,238.933045014707,24.741644063140335
canny_control,122,525.0,775.0,735.0,887.0,238.0,28.072486935852957
canny_control,123,183.0,1190.0,417.0,1181.0,234.17301296263838,177.7974018382342
canny_control,124,837.0,917.0,1051.0,1012.0,234.138847695123,23.937642584326007
canny_control,125,752.0,718.0,888.0,908.0,233.6578695443404,54.4053115009569
canny_control,126,322.0,890.0,377.0,1117.0,233.5679772571574,76.38022942194044
canny_control,127,398.0,881.0,401.0,648.0,233.01931250435015,90.7376731374322
canny_control,128,184.0,1009.0,415.0,984.0,232.34887561595818,173.8231988173958
canny_control,129,361.0,1276.0,593.0,1279.0,232.01939574095957,0.7408524093893388
canny_control,130,705.0,949.0,705.0,717.0,232.0,90.0
canny_control,131,606.0,673.0,816.0,767.0,230.07824755939012,24.114198539306965
canny_control,132,746.0,832.0,912.0,988.0,227.7981562699751,43.22119968432615
canny_control,133,494.0,1123.0,494.0,897.0,226.0,90.0
canny_control,134,866.0,941.0,1082.0,877.0,225.28204544525957,163.49563861824498
canny_control,135,715.0,1175.0,939.0,1163.0,224.32119828495925,176.9335144988741
canny_control,136,540.0,696.0,694.0,856.0,222.07206037680652,46.09469059185303
canny_control,137,987.0,925.0,1052.0,1137.0,221.74083972060717,72.95426283527448
canny_control,138,409.0,961.0,538.0,1141.0,221.45202640752692,54.37209270857909
canny_control,139,456.0,906.0,673.0,946.0,220.6558406206371,10.444195475355848
canny_control,140,716.0,890.0,912.0,990.0,220.03636063160107,27.03086025984298
canny_control,141,764.0,960.0,980.0,921.0,219.49259668608414,169.7651972365768
canny_control,142,218.0,1047.0,437.0,1040.0,219.1118435867856,178.1692513519745
canny_control,143,401.0,956.0,602.0,1043.0,219.02054698132775,23.404689551032316
canny_control,144,765.0,961.0,980.0,923.0,218.3323155192561,169.97681834709445
canny_control,145,710.0,963.0,924.0,921.0,218.08255317654368,168.89616656336392
canny_control,146,37.0,3.0,255.0,3.0,218.0,0.0
canny_control,147,622.0,712.0,709.0,911.0,217.18655575334307,66.38572793192837
canny_control,148,479.0,1132.0,690.0,1086.0,215.95601403989656,167.70141015592014
canny_control,149,505.0,1033.0,660.0,1183.0,215.6965461012299,44.060809054264425
canny_control,150,541.0,788.0,754.0,819.0,215.24404753674375,8.280682242721747
canny_control,151,802.0,1132.0,985.0,1243.0,214.03270778084362,31.23921488820876
canny_control,152,418.0,1066.0,595.0,947.0,213.283848427395,146.08641301165963
canny_control,153,622.0,896.0,828.0,844.0,212.46176126540982,165.8329444773688
canny_control,154,457.0,963.0,649.0,1053.0,212.0471645648675,25.114834886144564
canny_control,155,822.0,1127.0,1019.0,1202.0,210.79373804740976,20.842362667262122
canny_control,156,460.0,955.0,648.0,1050.0,210.63950246807934,26.80834389534284
canny_control,157,828.0,894.0,1038.0,903.0,210.1927686672403,2.4540316745270756
canny_control,158,795.0,783.0,924.0,948.0,209.44211610848473,51.9810574068298
canny_control,159,810.0,766.0,811.0,557.0,209.00239233080563,90.27414039373322
canny_control,160,562.0,835.0,723.0,702.0,208.83007446246816,140.4403320310055
canny_control,161,460.0,1098.0,667.0,1122.0,208.38665984174708,6.613460482314756
canny_control,162,103.0,1271.0,311.0,1269.0,208.00961516237658,179.44909602078144
canny_control,163,798.0,745.0,798.0,537.0,208.0,90.0
canny_control,164,719.0,863.0,924.0,897.0,207.80038498520642,9.416993277994562
canny_control,165,707.0,850.0,809.0,669.0,207.76188293332345,119.40282100558369
canny_control,166,524.0,785.0,699.0,894.0,206.16983290481662,31.917009325188896
canny_control,167,875.0,927.0,1070.0,862.0,205.54804791094466,161.56505117707798
canny_control,168,918.0,799.0,1005.0,985.0,205.34117950377123,64.93253656193953
canny_control,169,836.0,1123.0,1015.0,1223.0,205.03902067655318,29.190311518239078
canny_control,170,404.0,951.0,593.0,1030.0,204.84628383253624,22.684411424129237
canny_control,171,476.0,934.0,646.0,1046.0,203.57799488156869,33.377832036430426
canny_control,172,450.0,1093.0,637.0,1013.0,203.39370688396434,156.83839836404925
canny_control,173,433.0,975.0,583.0,1111.0,202.47468977627796,42.197548480133214
canny_control,174,571.0,1150.0,767.0,1200.0,202.27703774773843,14.31104126260641
canny_control,175,485.0,1123.0,683.0,1084.0,201.80436070610565,168.85711014166068
canny_control,176,665.0,858.0,866.0,873.0,201.5589243868899,4.267893300290812
canny_control,177,595.0,678.0,595.0,879.0,201.0,90.0
canny_control,178,442.0,1056.0,616.0,957.0,200.19240744843447,150.36161631184865
canny_control,179,449.0,1076.0,647.0,1047.0,200.11246837716035,171.66743990362582
canny_control,180,417.0,973.0,616.0,956.0,199.7248106770914,175.11724043616695
canny_control,181,470.0,935.0,638.0,1042.0,199.1808223700264,32.49325458452631
canny_control,182,251.0,970.0,438.0,1036.0,198.3053201505194,19.44003482817619
canny_control,183,572.0,704.0,706.0,850.0,198.17164277464119,47.45403167452708
canny_control,184,561.0,946.0,701.0,806.0,197.9898987322333,135.0
canny_control,185,649.0,672.0,746.0,844.0,197.46645284705957,60.57902355375087
canny_control,186,460.0,1099.0,656.0,1075.0,197.46392075515973,173.0189425931702
canny_control,187,826.0,895.0,1009.0,968.0,197.02284131541703,21.747407825138392
canny_control,188,721.0,869.0,802.0,690.0,196.4739168439414,114.34741606888642
canny_control,189,169.0,629.0,177.0,824.0,195.1640335717624,87.65072135251988
canny_control,190,649.0,866.0,787.0,728.0,195.16147160748713,135.0
canny_control,191,614.0,896.0,752.0,758.0,195.16147160748713,135.0
canny_control,192,525.0,782.0,688.0,887.0,193.89172236070317,32.788491623524024
canny_control,193,356.0,887.0,423.0,1068.0,193.00259065618783,69.68717372979263
canny_control,194,836.0,902.0,1025.0,940.0,192.78226059469267,11.368219106520934
canny_control,195,920.0,809.0,1003.0,983.0,192.78226059469267,64.49832146067692
canny_control,196,548.0,943.0,681.0,804.0,192.37983262286096,133.73632744834174
canny_control,197,791.0,898.0,983.0,908.0,192.26024029944412,2.981461219982192
canny_control,198,450.0,1079.0,626.0,1003.0,191.70811146114815,156.644435140714
canny_control,199,408.0,952.0,543.0,1087.0,190.91883092036784,45.0
canny_control,200,454.0,947.0,632.0,1016.0,190.90573590125572,21.18834574902725
canny_control,201,788.0,896.0,961.0,975.0,190.18412131405714,24.543686236721975
canny_control,202,462.0,1093.0,651.0,1114.0,190.16308790088576,6.34019174590991
canny_control,203,1004.0,1101.0,1010.0,911.0,190.09471323527123,91.80873932249206
canny_control,204,851.0,912.0,1040.0,905.0,189.12958520548815,177.87890360333856
canny_control,205,498.0,905.0,639.0,1031.0,189.0952141118331,41.78451600825179
canny_control,206,263.0,1038.0,402.0,910.0,188.95766721676048,137.35916613258163
canny_control,207,309.0,778.0,447.0,907.0,188.904737897174,43.06941255883301
canny_control,208,629.0,762.0,817.0,749.0,188.4489320744482,176.04435451961584
canny_control,209,572.0,775.0,760.0,776.0,188.0026595556563,0.30476191042107453
canny_control,210,447.0,1008.0,626.0,1065.0,187.85632808079689,17.663335144185996
canny_control,211,366.0,907.0,370.0,1094.0,187.04277585621958,88.7746086976259
canny_control,212,1108.0,945.0,1108.0,758.0,187.0,90.0
canny_control,213,339.0,863.0,357.0,1049.0,186.86893802876924,84.47245984834383
canny_control,214,518.0,990.0,682.0,1077.0,185.64751546950473,27.94540525052244
canny_control,215,940.0,775.0,943.0,960.0,185.02432272541898,89.07096068057795
canny_control,216,380.0,1043.0,520.0,923.0,184.39088914585776,139.3987053549955
canny_control,217,411.0,944.0,555.0,1059.0,184.28510520386612,38.61125252036401
canny_control,218,465.0,956.0,635.0,1026.0,183.84776310850236,22.380135051959574
canny_control,219,583.0,766.0,719.0,889.0,183.3712082089225,42.126561502406474
canny_control,220,492.0,1276.0,675.0,1275.0,183.0027322200409,179.68691142497934
canny_control,221,357.0,825.0,376.0,1007.0,182.98907071188705,84.04016088928695
canny_control,222,449.0,1075.0,614.0,997.0,182.50753409106156,154.69862137458028
canny_control,223,474.0,966.0,638.0,1046.0,182.4719156473127,26.003345844511443
canny_control,224,658.0,667.0,778.0,804.0,182.12358441453978,48.78447990948791
canny_control,225,229.0,1205.0,240.0,1024.0,181.33394607739612,93.47778651979816
canny_control,226,680.0,801.0,809.0,675.0,180.3247071257846,135.6740368979845
canny_control,227,484.0,864.0,656.0,917.0,179.98055450520204,17.12613410644049
canny_control,228,701.0,1229.0,876.0,1191.0,179.07819521091898,167.74881957660062
canny_control,229,759.0,894.0,915.0,981.0,178.61970775925036,29.148071845713044
canny_control,230,482.0,1137.0,660.0,1123.0,178.54971296532514,175.50284838533221
canny_control,231,495.0,628.0,673.0,628.0,178.0,0.0
canny_control,232,789.0,1157.0,922.0,1275.0,177.80044994318772,41.58001690513889
canny_control,233,480.0,932.0,636.0,1017.0,177.65415840897168,28.584720323800468
canny_control,234,792.0,1181.0,969.0,1176.0,177.0706073858674,178.38190546726256
canny_control,235,782.0,1145.0,949.0,1201.0,176.13914953808538,18.537813666646038
canny_control,236,435.0,1008.0,608.0,976.0,175.93464695732902,169.5203830122378
canny_control,237,288.0,975.0,454.0,1033.0,175.84083712266613,19.259291643767163
canny_control,238,1096.0,292.0,1097.0,117.0,175.0028571195339,90.32740089084439
canny_control,239,443.0,590.0,444.0,415.0,175.0028571195339,90.32740089084439
canny_control,240,934.0,556.0,934.0,731.0,175.0,90.0
canny_control,241,813.0,1129.0,977.0,1190.0,174.9771413642365,20.402745840877138
canny_control,242,651.0,672.0,768.0,802.0,174.89711261195822,48.01278750418334
canny_control,243,182.0,415.0,356.0,411.0,174.04597093871493,178.68308759420674
canny_control,244,765.0,1273.0,939.0,1274.0,174.0028735394907,0.3292824638466701
canny_control,245,1056.0,787.0,1057.0,961.0,174.0028735394907,89.67071753615333
canny_control,246,590.0,831.0,727.0,725.0,173.21951391226105,142.2700686453734
canny_control,247,526.0,668.0,667.0,767.0,172.28464818433474,35.0737544933483
canny_control,248,480.0,933.0,635.0,1008.0,172.19175357722565,25.82099197418928
canny_control,249,454.0,948.0,607.0,1027.0,172.19175357722565,27.3091103799667
canny_control,250,486.0,897.0,615.0,1011.0,172.15400082484288,41.46770541610911
canny_control,251,235.0,1035.0,363.0,920.0,172.07265907168403,138.06228708540004
canny_control,252,1048.0,898.0,1049.0,726.0,172.00290695217916,90.33311124392137
canny_control,253,800.0,792.0,801.0,964.0,172.00290695217916,89.66688875607863
canny_control,254,805.0,779.0,845.0,946.0,171.72361514946044,76.53022177043584
canny_control,255,781.0,929.0,945.0,979.0,171.45261736118232,16.955313052025204
canny_control,256,795.0,907.0,796.0,736.0,171.00292395160966,90.33505921860913
canny_control,257,517.0,970.0,661.0,1062.0,170.88007490635061,32.57405713457251
canny_control,258,899.0,707.0,993.0,849.0,170.29386365926402,56.496563017585785
canny_control,259,42.0,1267.0,212.0,1267.0,170.0,0.0
canny_control,260,231.0,628.0,401.0,628.0,170.0,0.0
canny_control,261,2.0,817.0,33.0,984.0,169.85287751463028,79.4839536154552
canny_control,262,103.0,1272.0,272.0,1271.0,169.00295855398508,179.66097567554854
canny_control,263,506.0,908.0,636.0,1015.0,168.37161280928564,39.457007912495925
canny_control,264,572.0,737.0,691.0,856.0,168.2914139223983,45.0
canny_control,265,926.0,781.0,972.0,942.0,167.44252745345193,74.05460409907715
canny_control,266,937.0,981.0,1095.0,929.0,166.33700730745397,161.78290480217515
canny_control,267,318.0,895.0,325.0,1061.0,166.14752480852673,87.58534347914922
canny_control,268,653.0,691.0,766.0,812.0,165.55965692160635,46.95806742923404
canny_control,269,361.0,1010.0,524.0,1037.0,165.22106403240477,9.405311500956898
canny_control,270,223.0,1036.0,387.0,1056.0,165.21501142450705,6.952957468173915
canny_control,271,474.0,1273.0,639.0,1272.0,165.00303027520434,179.65275710291422
canny_control,272,282.0,1114.0,283.0,949.0,165.00303027520434,90.34724289708576
canny_control,273,726.0,1268.0,891.0,1268.0,165.0,0.0
canny_control,274,975.0,852.0,1009.0,1013.0,164.55090397806995,78.07547606238809
canny_control,275,476.0,942.0,615.0,1030.0,164.51443705644803,32.337635937142565
canny_control,276,514.0,856.0,630.0,740.0,164.04877323527901,135.0
canny_control,277,599.0,855.0,763.0,856.0,164.00304875214974,0.34936017950278536
canny_control,278,162.0,1136.0,295.0,1041.0,163.44418007380992,144.46232220802563
canny_control,279,414.0,947.0,562.0,1016.0,163.29421300217592,24.995696372329004
canny_control,280,674.0,718.0,764.0,854.0,163.0828010551695,56.504815326258814
canny_control,281,463.0,903.0,609.0,974.0,162.34839081432253,25.933718277433787
canny_control,282,1056.0,677.0,1057.0,515.0,162.00308639035245,90.35367315924645
canny_control,283,259.0,961.0,411.0,1017.0,161.9876538505327,20.224859431168078
canny_control,284,965.0,796.0,998.0,954.0,161.4094173212951,78.20275186927626
canny_control,285,465.0,941.0,579.0,1055.0,161.22034611053283,45.0
canny_control,286,500.0,848.0,661.0,845.0,161.02794788483146,178.9325003162598
canny_control,287,227.0,1039.0,387.0,1057.0,161.00931650062986,6.418786730238786
canny_control,288,222.0,995.0,376.0,1040.0,160.4400199451496,16.288774030059447
canny_control,289,427.0,973.0,499.0,1116.0,160.1030917877603,63.27490516231601
canny_control,290,936.0,1034.0,1092.0,1001.0,159.45218719101973,168.05582281155367
canny_control,291,810.0,1122.0,962.0,1169.0,159.10059710761615,17.182159296419897
canny_control,292,848.0,848.0,945.0,974.0,159.0125781188394,52.409438731638325
canny_control,293,460.0,1039.0,569.0,924.0,158.44872987815333,133.46565850029924
canny_control,294,481.0,932.0,624.0,1000.0,158.3445610054226,25.432231418710526
canny_control,295,153.0,895.0,159.0,1053.0,158.11388300841898,87.82525588538995
canny_control,296,562.0,800.0,694.0,887.0,158.09174551506476,33.38851357611151
canny_control,297,708.0,936.0,708.0,778.0,158.0,90.0
canny_control,298,574.0,672.0,680.0,789.0,157.87653403846943,47.82396028924236
canny_control,299,424.0,1044.0,537.0,934.0,157.69908052997647,135.77074874539198
canny_control,300,400.0,1035.0,557.0,1035.0,157.0,0.0
canny_control,301,762.0,848.0,872.0,960.0,156.98407562552325,45.51616422976484
canny_control,302,471.0,934.0,573.0,1053.0,156.7322557739791,49.398705354995535
canny_control,303,455.0,943.0,609.0,972.0,156.70673246545599,10.664575517451752
canny_control,304,763.0,958.0,917.0,930.0,156.52475842498527,169.69515353123396
canny_control,305,140.0,1278.0,246.0,1163.0,156.40012787718558,132.66797631837693
canny_control,306,265.0,1113.0,269.0,957.0,156.05127362504928,91.46880071438582
canny_control,307,278.0,1109.0,280.0,953.0,156.01281998605114,90.73452103425481
canny_control,308,247.0,646.0,403.0,647.0,156.00320509528,0.36727560733809445
canny_control,309,251.0,993.0,287.0,842.0,155.23208431248997,103.40959586709405
canny_control,310,978.0,943.0,1027.0,1090.0,154.95160534825058,71.56505117707799
canny_control,311,432.0,1010.0,535.0,1125.0,154.38264151127873,48.15071641326774
canny_control,312,544.0,713.0,680.0,786.0,154.35349040433132,28.225333546060796
canny_control,313,2.0,1260.0,156.0,1256.0,154.0519392932137,178.5121324711722
canny_control,314,164.0,1194.0,317.0,1177.0,153.9415473483361,173.65980825409008
canny_control,315,749.0,836.0,842.0,958.0,153.40469353966978,52.68190461625146
canny_control,316,202.0,748.0,296.0,869.0,153.22206107476822,52.15781301361581
canny_control,317,329.0,1059.0,425.0,940.0,152.8953890737062,128.89390615271574
canny_control,318,525.0,764.0,673.0,802.0,152.80052355931247,14.400021306791055
canny_control,319,499.0,902.0,645.0,945.0,152.2005256232711,16.410784596877726
canny_control,320,685.0,848.0,837.0,842.0,152.11837495845134,177.73949808885874
canny_control,321,934.0,935.0,1082.0,970.0,152.08221460775746,13.305236506091088
canny_control,322,792.0,831.0,880.0,955.0,152.0526224699857,54.63753811293095
canny_control,323,288.0,155.0,291.0,3.0,152.029602380589,91.13069095123797
canny_control,324,269.0,1113.0,272.0,961.0,152.029602380589,91.13069095123797
canny_control,325,325.0,913.0,327.0,1065.0,152.0131573252789,89.24615166692924
canny_control,326,505.0,956.0,606.0,1069.0,151.5585695366646,48.209486317791985
canny_control,327,932.0,194.0,1006.0,62.0,151.32745950421557,119.27525427725257
canny_control,328,630.0,1089.0,778.0,1120.0,151.21177202850313,11.83011332616804
canny_control,329,704.0,880.0,823.0,787.0,151.02979838429235,141.99192534666778
canny_control,330,1020.0,946.0,1022.0,1097.0,151.0132444522665,89.24115987573146
canny_control,331,162.0,402.0,313.0,400.0,151.0132444522665,179.24115987573146
canny_control,332,190.0,1078.0,197.0,1228.0,150.16324450410627,87.32813540672741
canny_control,333,184.0,496.0,184.0,646.0,150.0,90.0
canny_control,334,884.0,993.0,1026.0,945.0,149.89329538041386,161.3232982678099
canny_control,335,506.0,1163.0,654.0,1142.0,149.4824404403407,171.9241036651617
canny_control,336,263.0,1108.0,265.0,959.0,149.01342221424215,90.76902468257803
canny_control,337,257.0,954.0,405.0,971.0,148.9731519435633,6.552554670829273
canny_control,338,933.0,191.0,1005.0,61.0,148.60686390607938,118.97970769792877
canny_control,339,313.0,1023.0,383.0,892.0,148.52945835759317,118.117869722016
canny_control,340,687.0,776.0,799.0,679.0,148.16544806398016,139.10509851316257
canny_control,341,481.0,868.0,629.0,866.0,148.0135128966271,179.22577983507193
canny_control,342,422.0,940.0,538.0,1031.0,147.4347313220328,38.11357266856801
canny_control,343,695.0,781.0,799.0,677.0,147.07821048680188,135.0
canny_control,344,304.0,810.0,429.0,886.0,146.2908062729849,31.299601334628537
canny_control,345,831.0,1123.0,949.0,1209.0,146.01369798755184,36.08507304285213
canny_control,346,707.0,806.0,787.0,684.0,145.89036979869508,123.25436657471205
canny_control,347,575.0,692.0,673.0,800.0,145.83552379307312,47.77916686407208
canny_control,348,821.0,933.0,955.0,876.0,145.6193668438371,156.95640219984426
canny_control,349,269.0,958.0,408.0,1000.0,145.2067491544384,16.812626235424204
canny_control,350,1094.0,931.0,1095.0,786.0,145.00344823486094,90.39513704250749
canny_control,351,671.0,691.0,744.0,816.0,144.75496537252184,59.71507165059778
canny_control,352,576.0,832.0,701.0,905.0,144.75496537252184,30.284928349402225
canny_control,353,571.0,796.0,665.0,686.0,144.69277798148738,130.51539399045538
canny_control,354,222.0,1128.0,235.0,984.0,144.5856147754679,95.15855178060603
canny_control,355,679.0,719.0,807.0,786.0,144.4749113168096,27.62924666946569
canny_control,356,416.0,1159.0,425.0,1015.0,144.2809758769326,93.57633437499734
canny_control,357,495.0,1019.0,620.0,948.0,143.75673897247393,150.40342496246961
canny_control,358,693.0,824.0,836.0,838.0,143.68368035375485,5.5915577557571865
canny_control,359,355.0,873.0,357.0,1016.0,143.01398533010678,89.19871266989298
canny_control,360,69.0,1277.0,212.0,1276.0,143.0034964607509,179.59933674420785
canny_control,361,798.0,919.0,933.0,965.0,142.6218777046495,18.816068120943147
canny_control,362,574.0,833.0,697.0,905.0,142.52368224263643,30.34324888423958
canny_control,363,741.0,1204.0,881.0,1228.0,142.04224723651762,9.727578551401603
canny_control,364,707.0,922.0,847.0,899.0,141.8767070381886,170.6704603573019
canny_control,365,256.0,959.0,389.0,1007.0,141.39660533407442,19.844627566131656
canny_control,366,323.0,906.0,325.0,1047.0,141.01418368376991,89.18734840574626
canny_control,367,758.0,1114.0,878.0,1188.0,140.98226838861686,31.660751096636602
canny_control,368,731.0,758.0,809.0,875.0,140.61649974309557,56.309932474020215
canny_control,369,466.0,940.0,551.0,1052.0,140.60227594174995,52.80409859194391
canny_control,370,334.0,1069.0,460.0,1007.0,140.42791745233566,153.79988515865267
canny_control,371,276.0,852.0,415.0,871.0,140.29255147726127,7.7835595264654005
canny_control,372,918.0,873.0,1057.0,892.0,140.29255147726127,7.7835595264654005
canny_control,373,179.0,1086.0,317.0,1111.0,140.24621207005913,10.268305798010239
canny_control,374,651.0,820.0,758.0,910.0,139.8177385026664,40.06791257173514
canny_control,375,746.0,954.0,874.0,898.0,139.71399357258383,156.3706222693432
canny_control,376,758.0,1158.0,897.0,1147.0,139.43457247038842,175.47523152716582
canny_control,377,812.0,1172.0,951.0,1164.0,139.2300254973761,176.7060350121549
canny_control,378,713.0,1174.0,852.0,1167.0,139.17614738165446,177.11703654746046
canny_control,379,404.0,1024.0,541.0,1001.0,138.91724155050014,170.46987216740004
canny_control,380,476.0,918.0,602.0,976.0,138.70832707519762,24.717440911083393
canny_control,381,582.0,782.0,679.0,881.0,138.6001443000692,45.58463052070518
canny_control,382,481.0,924.0,616.0,955.0,138.51353724455961,12.932608396739516
canny_control,383,552.0,1113.0,688.0,1139.0,138.4629914453678,10.823011226207099
canny_control,384,449.0,1066.0,569.0,997.0,138.42326394071193,150.10109816138544
canny_control,385,259.0,946.0,392.0,984.0,138.32208789632983,15.945395900922854
canny_control,386,488.0,926.0,611.0,988.0,137.7425134081704,26.75107578158552
canny_control,387,734.0,808.0,870.0,828.0,137.46272221951665,8.36588612403259
canny_control,388,325.0,1032.0,433.0,947.0,137.43725841270262,141.79594401601895
canny_control,389,453.0,1108.0,590.0,1100.0,137.23337786413333,176.65805614273887
canny_control,390,713.0,774.0,809.0,676.0,137.18600511714013,134.40934278535332
canny_control,391,576.0,704.0,673.0,801.0,137.17871555019022,45.0
canny_control,392,272.0,982.0,275.0,1119.0,137.03284277865654,88.74554837731847
canny_control,393,898.0,972.0,1035.0,972.0,137.0,0.0
canny_control,394,508.0,1128.0,642.0,1100.0,136.8941196691808,168.19756579221644
canny_control,395,543.0,678.0,679.0,693.0,136.82470537150812,6.293948188951082
canny_control,396,241.0,988.0,371.0,1030.0,136.61625086350452,17.9044475062482
canny_control,397,742.0,1156.0,878.0,1147.0,136.2974687952788,176.2138879646184
canny_control,398,467.0,936.0,602.0,954.0,136.194713553794,7.594643368591445
canny_control,399,676.0,906.0,765.0,803.0,136.12494260788506,130.8295634751579
canny_control,400,2.0,543.0,138.0,539.0,136.0588108135596,178.31531568210372
