step,style_strength,content_loss,style_loss,tv_loss,weighted_content_loss,weighted_style_loss,weighted_tv_loss,total_loss
0,1.0,1.7291145324707031,9.332086847280152e-06,0.06057088077068329,1.7291145324707031,9.332086563110352,6.057087830413366e-06,11.061206817626953
1,1.0,3.883934259414673,1.1580768841668032e-05,0.07009557634592056,3.883934259414673,11.580768585205078,7.0095575210871175e-06,15.464709281921387
2,1.0,2.9191648960113525,9.392175343236886e-06,0.07704314589500427,2.9191648960113525,9.392175674438477,7.704314157308545e-06,12.311347961425781
3,1.0,3.2742373943328857,7.946154255478177e-06,0.08235806226730347,3.2742373943328857,7.9461541175842285,8.23580558062531e-06,11.220399856567383
4,1.0,2.4666640758514404,8.663138942210935e-06,0.08606492727994919,2.4666640758514404,8.663139343261719,8.606492883700412e-06,11.129812240600586
5,1.0,2.391849994659424,6.956335710128769e-06,0.0884355753660202,2.391849994659424,6.956335544586182,8.843557225191034e-06,9.348194122314453
6,1.0,2.304380416870117,6.2755307226325385e-06,0.09009155631065369,2.304380416870117,6.275530815124512,9.009155292005744e-06,8.579919815063477
7,1.0,2.016278028488159,5.966973731119651e-06,0.09125281870365143,2.016278028488159,5.966973781585693,9.125281394517515e-06,7.983260631561279
8,1.0,1.897060513496399,5.567784228333039e-06,0.09205850958824158,1.897060513496399,5.567784309387207,9.205850801663473e-06,7.464853763580322
9,1.0,1.839629888534546,5.04815125168534e-06,0.09259797632694244,1.839629888534546,5.048151016235352,9.259797479899134e-06,6.887790203094482
10,1.0,1.762064814567566,4.672853719966952e-06,0.09293560683727264,1.762064814567566,4.672853946685791,9.293560651713051e-06,6.434927940368652
11,1.0,1.6515507698059082,4.390767571749166e-06,0.09311570227146149,1.6515507698059082,4.390767574310303,9.311569556302857e-06,6.042327880859375
12,1.0,1.5577868223190308,4.125037321500713e-06,0.09318177402019501,1.5577868223190308,4.12503719329834,9.318177035311237e-06,5.682833671569824
13,1.0,1.497531771659851,3.857431693177205e-06,0.09317489713430405,1.497531771659851,3.857431650161743,9.317489457316697e-06,5.354972839355469
14,1.0,1.4450472593307495,3.626305215220782e-06,0.09312490373849869,1.4450472593307495,3.626305103302002,9.312489964941051e-06,5.071362018585205
15,1.0,1.387176513671875,3.4355166462773923e-06,0.09304457902908325,1.387176513671875,3.435516595840454,9.304457307734992e-06,4.822702407836914
16,1.0,1.3303600549697876,3.260252924519591e-06,0.09293635189533234,1.3303600549697876,3.2602529525756836,9.293635230278596e-06,4.5906219482421875
17,1.0,1.2860187292099,3.0933144898881437e-06,0.09280704706907272,1.2860187292099,3.0933144092559814,9.280704034608789e-06,4.379342079162598
18,1.0,1.2493141889572144,2.939192881967756e-06,0.0926649272441864,1.2493141889572144,2.939192771911621,9.266492270398885e-06,4.188516139984131
19,1.0,1.2075059413909912,2.804405767165008e-06,0.09251805394887924,1.2075059413909912,2.804405689239502,9.251804840459954e-06,4.01192045211792
20,1.0,1.1665971279144287,2.681781552382745e-06,0.09236998111009598,1.1665971279144287,2.681781530380249,9.23699826671509e-06,3.8483879566192627
21,1.0,1.1363595724105835,2.5588299195078434e-06,0.09222251176834106,1.1363595724105835,2.5588300228118896,9.222250810125843e-06,3.6951987743377686
22,1.0,1.1088346242904663,2.4439955268462654e-06,0.0920766144990921,1.1088346242904663,2.443995475769043,9.207661605614703e-06,3.552839517593384
23,1.0,1.0762641429901123,2.344173481105827e-06,0.09193378686904907,1.0762641429901123,2.3441734313964844,9.193378900818061e-06,3.4204468727111816
24,1.0,1.048518180847168,2.2481938231067033e-06,0.09179072827100754,1.048518180847168,2.2481937408447266,9.179072549159173e-06,3.2967209815979004
25,1.0,1.0258666276931763,2.1537482552957954e-06,0.09165012836456299,1.0258666276931763,2.1537482738494873,9.165012670564465e-06,3.179624080657959
26,1.0,1.0014175176620483,2.070048140012659e-06,0.09151342511177063,1.0014175176620483,2.0700480937957764,9.151342055702116e-06,3.071474552154541
27,1.0,0.9771602153778076,1.993779733311385e-06,0.09138072282075882,0.9771602153778076,1.9937797784805298,9.138071618508548e-06,2.970949172973633
28,1.0,0.9584455490112305,1.918391262734076e-06,0.09125187247991562,0.9584455490112305,1.918391227722168,9.12518680706853e-06,2.8768458366394043
29,1.0,0.9419337511062622,1.8474484022590332e-06,0.09112823009490967,0.9419337511062622,1.8474483489990234,9.11282313609263e-06,2.789391040802002
30,1.0,0.9229733943939209,1.7842643273979775e-06,0.09100930392742157,0.9229733943939209,1.784264326095581,9.100930583372246e-06,2.707246780395508
31,1.0,0.9064087271690369,1.7249142274522455e-06,0.09089121222496033,0.9064087271690369,1.7249141931533813,9.089120794669725e-06,2.6313319206237793
32,1.0,0.8896461129188538,1.6705940879546688e-06,0.09077450633049011,0.8896461129188538,1.6705940961837769,9.077450158656575e-06,2.5602493286132812
33,1.0,0.8757724165916443,1.6179386648218497e-06,0.09066275507211685,0.8757724165916443,1.6179386377334595,9.06627519725589e-06,2.493720054626465
34,1.0,0.8615278005599976,1.5683802985222428e-06,0.09055577963590622,0.8615278005599976,1.568380355834961,9.055577720573638e-06,2.429917335510254
35,1.0,0.8498813509941101,1.5221830835798755e-06,0.09045363962650299,0.8498813509941101,1.5221830606460571,9.045364095072728e-06,2.3720734119415283
36,1.0,0.8399883508682251,1.4789555962124723e-06,0.09035401046276093,0.8399883508682251,1.478955626487732,9.035400580614805e-06,2.318953037261963
37,1.0,0.8287156224250793,1.440398364138673e-06,0.09025400876998901,0.8287156224250793,1.4403983354568481,9.025400686368812e-06,2.269123077392578
38,1.0,0.8226760029792786,1.4006824358148151e-06,0.09015338122844696,0.8226760029792786,1.4006824493408203,9.015338036988396e-06,2.22336745262146
39,1.0,0.8086832761764526,1.3728333669860149e-06,0.09005668014287949,0.8086832761764526,1.3728333711624146,9.005667379824445e-06,2.181525707244873
40,1.0,0.8108402490615845,1.335628098786401e-06,0.08995935320854187,0.8108402490615845,1.3356281518936157,8.995934877020773e-06,2.146477460861206
41,1.0,0.8025856614112854,1.3263568234833656e-06,0.08986854553222656,0.8025856614112854,1.3263567686080933,8.986854481918272e-06,2.1289515495300293
42,1.0,0.8300337195396423,1.2918344509671442e-06,0.08977676928043365,0.8300337195396423,1.2918344736099243,8.977676770882681e-06,2.1218771934509277
43,1.0,0.820716142654419,1.341159645562584e-06,0.08970333635807037,0.820716142654419,1.341159701347351,8.970333510660566e-06,2.1618847846984863
44,1.0,0.8144156336784363,1.2624450391740538e-06,0.08964230865240097,0.8144156336784363,1.262445092201233,8.96423080121167e-06,2.0768697261810303
45,1.0,0.7935190200805664,1.2198860304124537e-06,0.0895848199725151,0.7935190200805664,1.219886064529419,8.958481885201763e-06,2.013414144515991
46,1.0,0.7779668569564819,1.2085311027476564e-06,0.08953224122524261,0.7779668569564819,1.208531141281128,8.953224096330814e-06,1.9865069389343262
47,1.0,0.7893842458724976,1.1901150855919695e-06,0.08947881311178207,0.7893842458724976,1.1901150941848755,8.947880814957898e-06,1.9795082807540894
48,1.0,0.7687045931816101,1.2012742445222102e-06,0.08941566944122314,0.7687045931816101,1.2012742757797241,8.94156710273819e-06,1.9699877500534058
49,1.0,0.7786294221878052,1.1446721828178852e-06,0.08935189992189407,0.7786294221878052,1.144672155380249,8.935189725889359e-06,1.9233105182647705
50,1.0,0.750690221786499,1.140972699431586e-06,0.08928780257701874,0.750690221786499,1.1409727334976196,8.928779607231263e-06,1.891671895980835
51,1.0,0.7477778792381287,1.1193740192538826e-06,0.08922359347343445,0.7477778792381287,1.1193740367889404,8.922359484131448e-06,1.8671609163284302
52,1.0,0.749441385269165,1.1006534350599395e-06,0.08916188776493073,0.749441385269165,1.1006534099578857,8.916188562579919e-06,1.850103735923767
53,1.0,0.7333890795707703,1.1089171039202483e-06,0.08909904211759567,0.7333890795707703,1.1089171171188354,8.909903954190668e-06,1.8423150777816772
54,1.0,0.7590146064758301,1.071943643182749e-06,0.08904068171977997,0.7590146064758301,1.0719436407089233,8.90406772668939e-06,1.8309671878814697
55,1.0,0.720599353313446,1.1265514103797614e-06,0.08898770809173584,0.720599353313446,1.1265513896942139,8.898770829546265e-06,1.847159743309021
56,1.0,0.7715051770210266,1.0535097771935398e-06,0.08894529938697815,0.7715051770210266,1.0535098314285278,8.894529855751898e-06,1.8250240087509155
57,1.0,0.7212122678756714,1.0872196298805648e-06,0.0889119952917099,0.7212122678756714,1.0872195959091187,8.891199286154006e-06,1.8084408044815063
58,1.0,0.7279085516929626,1.0376329555583652e-06,0.08888646960258484,0.7279085516929626,1.037632942199707,8.888646334526129e-06,1.7655504941940308
59,1.0,0.7285118699073792,1.0178634965996025e-06,0.08885964751243591,0.7285118699073792,1.0178635120391846,8.8859642346506e-06,1.7463842630386353
60,1.0,0.7058513164520264,1.030641556098999e-06,0.0888306051492691,0.7058513164520264,1.0306415557861328,8.88306021806784e-06,1.7365018129348755
61,1.0,0.7261749505996704,1.0029142458733986e-06,0.08879970014095306,0.7261749505996704,1.0029141902923584,8.879969755071215e-06,1.7290979623794556
62,1.0,0.7019095420837402,1.031876081469818e-06,0.08876300603151321,0.7019095420837402,1.0318760871887207,8.876299943949562e-06,1.7337944507598877
63,1.0,0.7379084229469299,9.922787285177037e-07,0.08873783051967621,0.7379084229469299,0.9922787547111511,8.873782462615054e-06,1.7301959991455078
64,1.0,0.7146527767181396,1.0325624089091434e-06,0.08871106803417206,0.7146527767181396,1.0325623750686646,8.871106729202438e-06,1.747223973274231
65,1.0,0.7328066229820251,9.85954784482601e-07,0.08870218694210052,0.7328066229820251,0.985954761505127,8.870218152878806e-06,1.7187702655792236
66,1.0,0.7156470417976379,9.853877145360457e-07,0.08868271112442017,0.7156470417976379,0.9853877425193787,8.86827092472231e-06,1.7010436058044434
67,1.0,0.702086865901947,9.68654944699665e-07,0.08867865055799484,0.702086865901947,0.9686549305915833,8.867864380590618e-06,1.670750617980957
68,1.0,0.6968783140182495,9.605247441868414e-07,0.08866029977798462,0.6968783140182495,0.9605247378349304,8.866029929777142e-06,1.657411813735962
69,1.0,0.7026104927062988,9.476575542066712e-07,0.08863556385040283,0.7026104927062988,0.9476575255393982,8.86355610418832e-06,1.6502768993377686
70,1.0,0.692935049533844,9.518542469777458e-07,0.0886206328868866,0.692935049533844,0.9518542289733887,8.862062713888008e-06,1.6447980403900146
71,1.0,0.6878404021263123,9.624724270906881e-07,0.08859629929065704,0.6878404021263123,0.9624724388122559,8.859629815560766e-06,1.6503217220306396
72,1.0,0.7289828062057495,9.320232265963568e-07,0.08857901394367218,0.7289828062057495,0.9320232272148132,8.857900866132695e-06,1.6610147953033447
73,1.0,0.6810185313224792,1.0435413742015953e-06,0.08856821060180664,0.6810185313224792,1.043541431427002,8.856820386426989e-06,1.7245688438415527
74,1.0,0.7627337574958801,9.425685902897385e-07,0.08858589828014374,0.7627337574958801,0.9425686001777649,8.858589353621937e-06,1.7053111791610718
75,1.0,0.7049702405929565,9.96779817796778e-07,0.08858194202184677,0.7049702405929565,0.9967797994613647,8.858193723426666e-06,1.701758861541748
76,1.0,0.7098613381385803,9.307450454798527e-07,0.08862490206956863,0.7098613381385803,0.9307450652122498,8.862490176397841e-06,1.6406152248382568
77,1.0,0.7179020047187805,9.156834721579798e-07,0.08864264190196991,0.7179020047187805,0.9156834483146667,8.864263691066299e-06,1.633594274520874
78,1.0,0.6876795887947083,9.639746849643416e-07,0.0886390209197998,0.6876795887947083,0.9639747142791748,8.863901712174993e-06,1.651663064956665
79,1.0,0.7292054295539856,9.18586579246039e-07,0.08866020292043686,0.7292054295539856,0.9185865521430969,8.866019925335422e-06,1.6478008031845093
80,1.0,0.6969669461250305,9.643487146604457e-07,0.0886545330286026,0.6969669461250305,0.9643487334251404,8.865453310136218e-06,1.6613245010375977
81,1.0,0.7185315489768982,9.173583634947136e-07,0.08866264671087265,0.7185315489768982,0.9173583388328552,8.866264579410199e-06,1.6358987092971802
82,1.0,0.703454852104187,9.181012501358055e-07,0.08865590393543243,0.703454852104187,0.9181012511253357,8.865589734341484e-06,1.6215648651123047
83,1.0,0.6916288137435913,9.051600500242785e-07,0.08866028487682343,0.6916288137435913,0.9051600694656372,8.866028110787738e-06,1.5967977046966553
84,1.0,0.692965567111969,8.907821325010445e-07,0.0886593908071518,0.692965567111969,0.8907821178436279,8.865938980306964e-06,1.583756446838379
85,1.0,0.6732381582260132,9.026873044604145e-07,0.08865077793598175,0.6732381582260132,0.9026873111724854,8.865077688824385e-06,1.5759342908859253
86,1.0,0.6941612958908081,8.780842790656607e-07,0.08864468336105347,0.6941612958908081,0.8780843019485474,8.864468327374198e-06,1.5722544193267822
87,1.0,0.660717248916626,9.309681558988814e-07,0.08863402903079987,0.660717248916626,0.930968165397644,8.86340239958372e-06,1.5916942358016968
88,1.0,0.7363698482513428,8.878022299541044e-07,0.08864033967256546,0.7363698482513428,0.887802243232727,8.86403358890675e-06,1.6241809129714966
89,1.0,0.6959293484687805,1.0354999631090323e-06,0.08864300698041916,0.6959293484687805,1.035499930381775,8.86430007085437e-06,1.731438159942627
90,1.0,0.7363279461860657,9.123716040448926e-07,0.0886995792388916,0.7363279461860657,0.9123715758323669,8.869958037394099e-06,1.6487083435058594
91,1.0,0.7106319665908813,9.03176328392874e-07,0.08872266858816147,0.7106319665908813,0.9031763076782227,8.872266334947199e-06,1.6138170957565308
92,1.0,0.6932779550552368,8.881635835678026e-07,0.08878859877586365,0.6932779550552368,0.8881635665893555,8.87885926204035e-06,1.581450343132019
93,1.0,0.7067461609840393,8.785884233475372e-07,0.0888303592801094,0.7067461609840393,0.8785884380340576,8.883035661710892e-06,1.5853434801101685
94,1.0,0.6853106021881104,9.219421599482303e-07,0.08883380144834518,0.6853106021881104,0.9219421744346619,8.883380360202864e-06,1.6072617769241333
95,1.0,0.7204579710960388,8.76955368767085e-07,0.08886072039604187,0.7204579710960388,0.8769553899765015,8.88607155502541e-06,1.5974222421646118
96,1.0,0.6742292642593384,9.338486961496528e-07,0.088853619992733,0.6742292642593384,0.9338486790657043,8.885362149158027e-06,1.6080869436264038
97,1.0,0.7181831002235413,8.596222187406966e-07,0.0888703316450119,0.7181831002235413,0.8596222400665283,8.887032890925184e-06,1.5778142213821411
98,1.0,0.6691234111785889,8.943763418756134e-07,0.08887320756912231,0.6691234111785889,0.8943763375282288,8.887320291250944e-06,1.5635086297988892
99,1.0,0.6910178065299988,8.522644066033536e-07,0.08888319134712219,0.6910178065299988,0.852264404296875,8.88831891643349e-06,1.5432912111282349
100,1.0,0.6682877540588379,8.62610988860979e-07,0.08888343721628189,0.6682877540588379,0.8626109957695007,8.888343472790439e-06,1.5309077501296997
101,1.0,0.6782086491584778,8.42513316001714e-07,0.08888480067253113,0.6782086491584778,0.8425133228302002,8.888479896995705e-06,1.5207308530807495
102,1.0,0.6564473509788513,8.598320846431307e-07,0.08888128399848938,0.6564473509788513,0.8598321080207825,8.888127922546118e-06,1.51628839969635
103,1.0,0.6781911253929138,8.348370101884939e-07,0.08887983113527298,0.6781911253929138,0.834837019443512,8.887983312888537e-06,1.513037085533142
104,1.0,0.6441473960876465,8.887006401891995e-07,0.08887267857789993,0.6441473960876465,0.8887006640434265,8.887267540558241e-06,1.532857060432434
105,1.0,0.7271565794944763,8.402081448366516e-07,0.08888810873031616,0.7271565794944763,0.8402081727981567,8.88881095306715e-06,1.5673736333847046
106,1.0,0.6839893460273743,1.0246070587527356e-06,0.08889329433441162,0.6839893460273743,1.0246070623397827,8.88932936504716e-06,1.708605408668518
107,1.0,0.7479354739189148,9.136825838140794e-07,0.08898043632507324,0.7479354739189148,0.9136825799942017,8.898043233784847e-06,1.661626935005188
108,1.0,0.7646735310554504,9.295461609326594e-07,0.08902648836374283,0.7646735310554504,0.9295461773872375,8.902648914954625e-06,1.6942286491394043
109,1.0,0.7165747880935669,8.741503734199796e-07,0.08914220333099365,0.7165747880935669,0.8741503953933716,8.914220416045282e-06,1.5907341241836548
110,1.0,0.7236111760139465,8.615086812824302e-07,0.08923299610614777,0.7236111760139465,0.8615086674690247,8.92329899215838e-06,1.5851287841796875
111,1.0,0.7134071588516235,9.090653065868537e-07,0.08928201347589493,0.7134071588516235,0.909065306186676,8.928201168600935e-06,1.6224814653396606
112,1.0,0.7561244368553162,8.630877346149646e-07,0.08935104310512543,0.7561244368553162,0.8630877137184143,8.935104233387392e-06,1.6192210912704468
113,1.0,0.6896140575408936,9.7271390586684e-07,0.08935880661010742,0.6896140575408936,0.9727138876914978,8.935880032368004e-06,1.6623369455337524
114,1.0,0.7595037221908569,8.538360134480172e-07,0.08941461145877838,0.7595037221908569,0.8538359999656677,8.941460691858083e-06,1.6133486032485962
115,1.0,0.6864931583404541,9.155303928309877e-07,0.08944037556648254,0.6864931583404541,0.9155303835868835,8.944037290348206e-06,1.6020325422286987
116,1.0,0.7159841060638428,8.4289922597236e-07,0.08948829770088196,0.7159841060638428,0.8428992033004761,8.948829417931847e-06,1.5588922500610352
117,1.0,0.6931970715522766,8.526168358002906e-07,0.0895121619105339,0.6931970715522766,0.8526168465614319,8.9512159320293e-06,1.5458228588104248
118,1.0,0.6844763159751892,8.443063848062593e-07,0.0895395427942276,0.6844763159751892,0.8443064093589783,8.953954420576338e-06,1.5287916660308838
119,1.0,0.6847940683364868,8.312161412504793e-07,0.08955366909503937,0.6847940683364868,0.8312161564826965,8.955366865848191e-06,1.5160192251205444
120,1.0,0.6686795353889465,8.351251494786993e-07,0.08955131471157074,0.6686795353889465,0.8351251482963562,8.955131306720432e-06,1.503813624382019
121,1.0,0.6687387228012085,8.238706641350291e-07,0.08954663574695587,0.6687387228012085,0.8238706588745117,8.954662916949019e-06,1.4926183223724365
122,1.0,0.6605887413024902,8.222656333600753e-07,0.0895397812128067,0.6605887413024902,0.822265625,8.953978067438584e-06,1.4828633069992065
123,1.0,0.6629611849784851,8.10827827990579e-07,0.08954113721847534,0.6629611849784851,0.8108278512954712,8.954113582149148e-06,1.4737979173660278
124,1.0,0.6465060114860535,8.269614113487478e-07,0.08954472094774246,0.6465060114860535,0.8269613981246948,8.954471923061647e-06,1.4734762907028198
125,1.0,0.6978248953819275,7.984397711879865e-07,0.0895654559135437,0.6978248953819275,0.7984398007392883,8.956545570981689e-06,1.4962736368179321
126,1.0,0.667839527130127,1.0150525895369356e-06,0.08958148211240768,0.667839527130127,1.0150525569915771,8.958148100646213e-06,1.6829010248184204
127,1.0,0.8298749327659607,9.687735200714087e-07,0.0896645188331604,0.8298749327659607,0.9687735438346863,8.9664517872734e-06,1.7986574172973633
128,1.0,0.8720184564590454,1.2514475429270533e-06,0.08977386355400085,0.8720184564590454,1.2514475584030151,8.977385732578114e-06,2.1234750747680664
129,1.0,0.7673091888427734,9.071731028598151e-07,0.09007953107357025,0.7673091888427734,0.9071730971336365,9.00795294001e-06,1.6744914054870605
130,1.0,0.8581940531730652,9.58674149842409e-07,0.09034096449613571,0.8581940531730652,0.9586741328239441,9.034096365212463e-06,1.8168772459030151
131,1.0,0.8042488694190979,1.1352776709827594e-06,0.09053121507167816,0.8042488694190979,1.1352776288986206,9.053121175384149e-06,1.9395356178283691
132,1.0,0.8546643853187561,9.401819625054486e-07,0.09076309204101562,0.8546643853187561,0.9401819705963135,9.07630874280585e-06,1.7948553562164307
133,1.0,0.821849524974823,1.1429804089857498e-06,0.09088597446680069,0.821849524974823,1.1429804563522339,9.088596925721504e-06,1.964838981628418
134,1.0,0.8637104630470276,9.303325896325987e-07,0.09106265753507614,0.8637104630470276,0.930332601070404,9.106265679292846e-06,1.7940521240234375
135,1.0,0.7581119537353516,1.0674559689505259e-06,0.09118557721376419,0.7581119537353516,1.0674560070037842,9.118557500187308e-06,1.8255770206451416
136,1.0,0.8352586030960083,9.203054105455521e-07,0.09126917272806168,0.8352586030960083,0.9203054308891296,9.126916665991303e-06,1.7555731534957886
137,1.0,0.7609495520591736,1.0007659057009732e-06,0.09131678193807602,0.7609495520591736,1.0007659196853638,9.131677870755084e-06,1.761724591255188
138,1.0,0.7981455326080322,9.235026254827972e-07,0.09139320254325867,0.7981455326080322,0.9235026240348816,9.139320354734082e-06,1.721657395362854
139,1.0,0.7772850394248962,9.897026984617696e-07,0.09142069518566132,0.7772850394248962,0.9897027015686035,9.14206884772284e-06,1.76699697971344
140,1.0,0.8006987571716309,9.368484938931942e-07,0.09149356186389923,0.8006987571716309,0.936848521232605,9.149355719273444e-06,1.7375564575195312
141,1.0,0.7559073567390442,1.0541522215135046e-06,0.09152110666036606,0.7559073567390442,1.054152250289917,9.152110578725114e-06,1.8100687265396118
142,1.0,0.8110193014144897,8.908604058888159e-07,0.09160606563091278,0.8110193014144897,0.890860378742218,9.160606168734375e-06,1.701888918876648
143,1.0,0.7042929530143738,9.722693903313484e-07,0.09165431559085846,0.7042929530143738,0.9722694158554077,9.16543103812728e-06,1.6765714883804321
144,1.0,0.7536787390708923,8.662584036756016e-07,0.09173023700714111,0.7536787390708923,0.8662583827972412,9.173023499897681e-06,1.6199463605880737
145,1.0,0.7237638831138611,8.697626867615327e-07,0.09177769720554352,0.7237638831138611,0.869762659072876,9.177769243251532e-06,1.5935357809066772
146,1.0,0.6983872652053833,8.811642260297958e-07,0.09180057793855667,0.6983872652053833,0.8811642527580261,9.180057531921193e-06,1.57956063747406
147,1.0,0.7252758741378784,8.40705411064846e-07,0.09181386232376099,0.7252758741378784,0.840705394744873,9.181386303680483e-06,1.5659904479980469
148,1.0,0.6780142188072205,9.015726618599729e-07,0.09179440140724182,0.6780142188072205,0.9015726447105408,9.17943998501869e-06,1.5795960426330566
149,1.0,0.7477713823318481,8.54179518228193e-07,0.0917946919798851,0.7477713823318481,0.8541795015335083,9.179469088849146e-06,1.6019600629806519
150,1.0,0.7188282012939453,9.950665571523132e-07,0.09178049862384796,0.7188282012939453,0.9950665831565857,9.178049367619678e-06,1.7139040231704712
151,1.0,0.7478698492050171,8.787989713709976e-07,0.09183962643146515,0.7478698492050171,0.8787989616394043,9.183961992675904e-06,1.6266779899597168
152,1.0,0.7108274102210999,8.716715456102975e-07,0.0918406993150711,0.7108274102210999,0.8716715574264526,9.184069313050713e-06,1.5825082063674927
153,1.0,0.6955498456954956,8.239346129812475e-07,0.09190870821475983,0.6955498456954956,0.8239346146583557,9.190870514430571e-06,1.5194936990737915
154,1.0,0.7046447396278381,8.165588951669633e-07,0.09195545315742493,0.7046447396278381,0.8165588974952698,9.195545317197684e-06,1.5212128162384033
155,1.0,0.6780959963798523,8.704722631591721e-07,0.09195500612258911,0.6780959963798523,0.870472252368927,9.195500751957297e-06,1.5485774278640747
156,1.0,0.7234190106391907,8.108856377475604e-07,0.09199125319719315,0.7234190106391907,0.8108856081962585,9.199125088343862e-06,1.5343137979507446
157,1.0,0.6625872254371643,8.792987387096218e-07,0.09198951721191406,0.6625872254371643,0.879298746585846,9.198951374855824e-06,1.5418951511383057
158,1.0,0.7066655158996582,7.877788448240608e-07,0.09200884401798248,0.7066655158996582,0.7877788543701172,9.200884051097091e-06,1.4944535493850708
159,1.0,0.6593400239944458,8.104070730041713e-07,0.09200016409158707,0.6593400239944458,0.8104071021080017,9.2000163931516e-06,1.4697562456130981
160,1.0,0.6624962091445923,7.863356472626037e-07,0.0920022577047348,0.6624962091445923,0.7863356471061707,9.200225576933008e-06,1.4488409757614136
161,1.0,0.6649377346038818,7.733942766208202e-07,0.09199647605419159,0.6649377346038818,0.7733942866325378,9.19964713830268e-06,1.4383412599563599
162,1.0,0.6424139142036438,7.943348236949532e-07,0.09198412299156189,0.6424139142036438,0.7943348288536072,9.198412044497672e-06,1.4367579221725464
163,1.0,0.6797596216201782,7.589452479805914e-07,0.09198348224163055,0.6797596216201782,0.7589452266693115,9.198348379868548e-06,1.4387140274047852
164,1.0,0.6370633244514465,8.40219854580937e-07,0.09196531027555466,0.6370633244514465,0.8402198553085327,9.196531209454406e-06,1.4772924184799194
165,1.0,0.7099269032478333,7.882838986006391e-07,0.09198006987571716,0.7099269032478333,0.7882838845252991,9.198006409860682e-06,1.4982199668884277
166,1.0,0.6778857111930847,8.840326586323499e-07,0.09197419881820679,0.6778857111930847,0.884032666683197,9.197419785778038e-06,1.5619275569915771
167,1.0,0.672396719455719,7.891007953730877e-07,0.09204436838626862,0.672396719455719,0.7891007661819458,9.204436537402216e-06,1.461506724357605
168,1.0,0.6785829663276672,7.501212735405716e-07,0.09207282215356827,0.6785829663276672,0.7501212954521179,9.207282346324064e-06,1.4287134408950806
169,1.0,0.6488038301467896,7.862581696826965e-07,0.09210533648729324,0.6488038301467896,0.7862581610679626,9.210533789882902e-06,1.4350711107254028
170,1.0,0.687332808971405,7.554504009021912e-07,0.09215392917394638,0.687332808971405,0.755450427532196,9.215392310579773e-06,1.4427924156188965
171,1.0,0.6428771615028381,8.141563512253924e-07,0.09214858710765839,0.6428771615028381,0.8141563534736633,9.214858437189832e-06,1.4570426940917969
172,1.0,0.681851327419281,7.442509968313971e-07,0.09217806160449982,0.681851327419281,0.744251012802124,9.217806109518278e-06,1.4261115789413452
173,1.0,0.6354966163635254,7.705077109676495e-07,0.09217894077301025,0.6354966163635254,0.7705076932907104,9.217893421009649e-06,1.4060134887695312
174,1.0,0.6586171984672546,7.346556003540172e-07,0.09217993915081024,0.6586171984672546,0.7346556186676025,9.217993465426844e-06,1.3932820558547974
175,1.0,0.6442572474479675,7.397625267913099e-07,0.09219157695770264,0.6442572474479675,0.739762544631958,9.219157618645113e-06,1.3840290307998657
176,1.0,0.6314680576324463,7.465221187885618e-07,0.09218835085630417,0.6314680576324463,0.7465221285820007,9.218834748025984e-06,1.3779994249343872
177,1.0,0.6515358686447144,7.223183615678863e-07,0.0921919122338295,0.6515358686447144,0.7223183512687683,9.219191269949079e-06,1.3738633394241333
178,1.0,0.6123232841491699,7.691842256463133e-07,0.09218725562095642,0.6123232841491699,0.7691842317581177,9.21872560866177e-06,1.381516695022583
179,1.0,0.6761395335197449,7.242164201670676e-07,0.09219841659069061,0.6761395335197449,0.7242164015769958,9.219841558660846e-06,1.4003651142120361
180,1.0,0.6275454759597778,8.439159273621044e-07,0.09219226241111755,0.6275454759597778,0.8439159393310547,9.219225830747746e-06,1.471470594406128
181,1.0,0.6846997141838074,7.595884881084203e-07,0.09223514795303345,0.6846997141838074,0.7595884799957275,9.223515007761307e-06,1.444297432899475
182,1.0,0.6487259864807129,7.789150231474196e-07,0.09224413335323334,0.6487259864807129,0.7789150476455688,9.224412679031957e-06,1.4276502132415771
183,1.0,0.6410814523696899,7.295824389075278e-07,0.09231525659561157,0.6410814523696899,0.7295824289321899,9.231525837094523e-06,1.3706730604171753
184,1.0,0.653670072555542,7.18188516657392e-07,0.0923515260219574,0.653670072555542,0.7181885242462158,9.235151992470492e-06,1.3718677759170532
185,1.0,0.6286779046058655,7.598582101309148e-07,0.09236523509025574,0.6286779046058655,0.7598581910133362,9.236523510480765e-06,1.388545274734497
186,1.0,0.6625598073005676,7.192080602180795e-07,0.0924057811498642,0.6625598073005676,0.7192080616950989,9.240578037861269e-06,1.3817771673202515
187,1.0,0.6255557537078857,7.589363804072491e-07,0.09239894896745682,0.6255557537078857,0.7589364051818848,9.239895007340237e-06,1.3845014572143555
188,1.0,0.6527530550956726,7.16167846803728e-07,0.09242337942123413,0.6527530550956726,0.7161678671836853,9.2423379101092e-06,1.3689302206039429
189,1.0,0.6272991895675659,7.40290147405176e-07,0.09242912381887436,0.6272991895675659,0.7402901649475098,9.242911801266018e-06,1.3675986528396606
190,1.0,0.6472702026367188,7.042424954306625e-07,0.09245197474956512,0.6472702026367188,0.704242467880249,9.245197361451574e-06,1.3515219688415527
191,1.0,0.621155321598053,7.178817895692191e-07,0.09246154874563217,0.621155321598053,0.7178817987442017,9.24615505937254e-06,1.3390464782714844
192,1.0,0.6261392831802368,7.022339900686347e-07,0.09248082339763641,0.6261392831802368,0.7022339701652527,9.248082278645597e-06,1.3283824920654297
193,1.0,0.6167042851448059,7.045748589007417e-07,0.09248796850442886,0.6167042851448059,0.7045748829841614,9.248796231986489e-06,1.3212884664535522
194,1.0,0.6159248352050781,6.985922595958982e-07,0.09248718619346619,0.6159248352050781,0.6985922455787659,9.248718015442137e-06,1.3145263195037842
195,1.0,0.6092830300331116,7.007812428128091e-07,0.09249086678028107,0.6092830300331116,0.7007812261581421,9.249086360796355e-06,1.3100736141204834
196,1.0,0.6183647513389587,6.876072689010471e-07,0.09248650074005127,0.6183647513389587,0.6876072883605957,9.248649803339504e-06,1.3059813976287842
197,1.0,0.5965046882629395,7.129741561584524e-07,0.09248402714729309,0.5965046882629395,0.7129741311073303,9.248402420780621e-06,1.30948805809021
198,1.0,0.6438260674476624,6.8746192027902e-07,0.09249009191989899,0.6438260674476624,0.6874619126319885,9.249009053746704e-06,1.3312972784042358
199,1.0,0.6115406155586243,8.296991609313409e-07,0.09249138832092285,0.6115406155586243,0.8296991586685181,9.249138201994356e-06,1.441249132156372
200,1.0,0.7179526090621948,7.755610340609564e-07,0.09256023168563843,0.7179526090621948,0.7755610346794128,9.256023076886777e-06,1.4935228824615479
201,1.0,0.6978349089622498,9.328837222710717e-07,0.09259834885597229,0.6978349089622498,0.9328837394714355,9.259834769181907e-06,1.630728006362915
202,1.0,0.6647534370422363,7.459677249244123e-07,0.09276732802391052,0.6647534370422363,0.7459677457809448,9.276732271246146e-06,1.4107304811477661
203,1.0,0.6998062133789062,7.259927201630489e-07,0.09285751730203629,0.6998062133789062,0.725992739200592,9.285751730203629e-06,1.4258081912994385
204,1.0,0.672675371170044,8.176351684596739e-07,0.0929541289806366,0.672675371170044,0.817635178565979,9.29541238292586e-06,1.490319848060608
205,1.0,0.7204548716545105,7.485160722353612e-07,0.0930880755186081,0.7204548716545105,0.7485160827636719,9.308807420893572e-06,1.468980312347412
206,1.0,0.67949378490448,8.300528975269117e-07,0.09310787916183472,0.67949378490448,0.83005291223526,9.310787390859332e-06,1.5095560550689697
207,1.0,0.7130448818206787,7.324637749661633e-07,0.09320462495088577,0.7130448818206787,0.7324637770652771,9.320462595496792e-06,1.4455180168151855
208,1.0,0.6625021696090698,7.74198440467444e-07,0.09327249228954315,0.6625021696090698,0.7741984128952026,9.327249244961422e-06,1.4367098808288574
209,1.0,0.6923108100891113,7.181523642429966e-07,0.09331706166267395,0.6923108100891113,0.7181523442268372,9.33170576900011e-06,1.4104723930358887
210,1.0,0.6634100675582886,7.32022044758196e-07,0.09336435049772263,0.6634100675582886,0.7320220470428467,9.336435141449329e-06,1.3954414129257202
211,1.0,0.6612483263015747,7.227523042274697e-07,0.09340089559555054,0.6612483263015747,0.7227523326873779,9.340089491161052e-06,1.3840099573135376
212,1.0,0.6543979048728943,7.155252887969255e-07,0.09341837465763092,0.6543979048728943,0.7155252695083618,9.34183753997786e-06,1.3699324131011963
213,1.0,0.639212429523468,7.214174502223614e-07,0.09342828392982483,0.639212429523468,0.7214174270629883,9.34282797970809e-06,1.3606390953063965
214,1.0,0.6495727300643921,7.032859912214917e-07,0.0934380292892456,0.6495727300643921,0.7032859921455383,9.343802958028391e-06,1.3528680801391602
215,1.0,0.617569088935852,7.427167929563439e-07,0.09344164282083511,0.617569088935852,0.7427167892456055,9.344164027424995e-06,1.3602951765060425
216,1.0,0.6942164897918701,7.177844167927105e-07,0.0934642106294632,0.6942164897918701,0.7177844047546387,9.346420483780093e-06,1.4120101928710938
217,1.0,0.6756160259246826,9.639359177526785e-07,0.09347765147686005,0.6756160259246826,0.963935911655426,9.347764716949314e-06,1.6395611763000488
218,1.0,0.7425739169120789,8.27684175419563e-07,0.09358929097652435,0.7425739169120789,0.8276841640472412,9.358928764413577e-06,1.5702675580978394
219,1.0,0.7273226976394653,8.547822289983742e-07,0.09364515542984009,0.7273226976394653,0.854782223701477,9.364514880871866e-06,1.582114338874817
220,1.0,0.6930814981460571,7.464506097676349e-07,0.09383602440357208,0.6930814981460571,0.7464506030082703,9.383602446177974e-06,1.4395414590835571
221,1.0,0.7004500031471252,7.490237408092071e-07,0.09396924078464508,0.7004500031471252,0.7490237355232239,9.396923815074842e-06,1.4494831562042236
222,1.0,0.696044921875,7.930686365398287e-07,0.09405384212732315,0.696044921875,0.7930686473846436,9.405383934790734e-06,1.489122986793518
223,1.0,0.7264982461929321,7.426139063682058e-07,0.09416870027780533,0.7264982461929321,0.7426139116287231,9.416869943379425e-06,1.4691215753555298
224,1.0,0.6681241393089294,8.408023859374225e-07,0.09418870508670807,0.6681241393089294,0.8408023715019226,9.418869922228623e-06,1.5089359283447266
225,1.0,0.7260535359382629,7.308286740226322e-07,0.09425860643386841,0.7260535359382629,0.7308287024497986,9.42586029850645e-06,1.456891655921936
226,1.0,0.65195631980896,7.965703616719111e-07,0.0942784994840622,0.65195631980896,0.796570360660553,9.427849363419227e-06,1.4485360383987427
227,1.0,0.6969396471977234,7.1799252054916e-07,0.0943271815776825,0.6969396471977234,0.7179925441741943,9.432717888557818e-06,1.414941668510437
228,1.0,0.6527681350708008,7.493400744351675e-07,0.09436413645744324,0.6527681350708008,0.7493400573730469,9.436413165531121e-06,1.4021176099777222
229,1.0,0.6739760041236877,7.128597303562856e-07,0.09440448880195618,0.6739760041236877,0.7128597497940063,9.440448593522888e-06,1.3868452310562134
230,1.0,0.6482465863227844,7.365684950855211e-07,0.09441401064395905,0.6482465863227844,0.7365685105323792,9.441400834475644e-06,1.384824514389038
231,1.0,0.6675603985786438,7.14007114765991e-07,0.09444577246904373,0.6675603985786438,0.7140071392059326,9.444576789974235e-06,1.3815768957138062
232,1.0,0.6409806609153748,7.745384209556505e-07,0.09444072842597961,0.6409806609153748,0.7745383977890015,9.444072929909453e-06,1.415528416633606
233,1.0,0.7033563852310181,7.355025672950433e-07,0.09447204321622849,0.7033563852310181,0.7355025410652161,9.447204320167657e-06,1.4388684034347534
234,1.0,0.6635193228721619,8.681722647452261e-07,0.09447305649518967,0.6635193228721619,0.868172287940979,9.447305274079554e-06,1.5317009687423706
235,1.0,0.6984569430351257,7.403042445730534e-07,0.09456385672092438,0.6984569430351257,0.7403042316436768,9.456385669182055e-06,1.4387706518173218
236,1.0,0.6523543000221252,7.468448757208535e-07,0.09458528459072113,0.6523543000221252,0.7468448877334595,9.458528438699432e-06,1.399208664894104
237,1.0,0.6575243473052979,7.088514735187346e-07,0.09465929120779037,0.6575243473052979,0.7088514566421509,9.465928997087758e-06,1.3663852214813232
238,1.0,0.6646792888641357,7.016442964413727e-07,0.0947306826710701,0.6646792888641357,0.7016443014144897,9.473067621001974e-06,1.3663330078125
239,1.0,0.6361544132232666,7.487042807952093e-07,0.09474848955869675,0.6361544132232666,0.7487042546272278,9.474848411628045e-06,1.3848680257797241
240,1.0,0.6790190935134888,7.068858849379467e-07,0.094792440533638,0.6790190935134888,0.7068858742713928,9.479243999521714e-06,1.3859145641326904
241,1.0,0.6343888640403748,7.750374493298295e-07,0.09477956593036652,0.6343888640403748,0.7750374674797058,9.477956155024003e-06,1.4094358682632446
242,1.0,0.6740500330924988,7.038448757157312e-07,0.09481115639209747,0.6740500330924988,0.7038449048995972,9.481115739617962e-06,1.3779044151306152
243,1.0,0.6303223967552185,7.317189556488302e-07,0.09480783343315125,0.6303223967552185,0.7317189574241638,9.480782864557113e-06,1.3620508909225464
244,1.0,0.6458683013916016,6.837984756202786e-07,0.09484213590621948,0.6458683013916016,0.6837984919548035,9.484213478572201e-06,1.3296763896942139
245,1.0,0.6275880932807922,6.891808652653708e-07,0.09485563635826111,0.6275880932807922,0.689180850982666,9.485563168709632e-06,1.3167784214019775
246,1.0,0.6216881275177002,6.877374403302383e-07,0.0948646068572998,0.6216881275177002,0.6877374649047852,9.486460839980282e-06,1.3094351291656494
247,1.0,0.6297793984413147,6.76174238378735e-07,0.09487871825695038,0.6297793984413147,0.6761742234230042,9.487871466262732e-06,1.305963158607483
248,1.0,0.6063715219497681,7.083087893988704e-07,0.09487125277519226,0.6063715219497681,0.7083088159561157,9.487124771112576e-06,1.3146898746490479
249,1.0,0.6560549736022949,6.791401006012165e-07,0.09488144516944885,0.6560549736022949,0.6791400909423828,9.488144314673264e-06,1.3352046012878418
250,1.0,0.6186019778251648,7.934924610708549e-07,0.09486504644155502,0.6186019778251648,0.7934924364089966,9.486504495725967e-06,1.4121038913726807
251,1.0,0.6762025356292725,7.186976063167094e-07,0.09491792321205139,0.6762025356292725,0.7186976075172424,9.491792297922075e-06,1.3949096202850342
252,1.0,0.6325242519378662,7.504505106226134e-07,0.09491446614265442,0.6325242519378662,0.7504504919052124,9.491446689935401e-06,1.3829842805862427
253,1.0,0.6336190700531006,6.793355851186789e-07,0.09499633312225342,0.6336190700531006,0.6793355941772461,9.49963305174606e-06,1.3129642009735107
254,1.0,0.6413995027542114,6.697267735944479e-07,0.09503195434808731,0.6413995027542114,0.6697267889976501,9.503195542492904e-06,1.3111357688903809
255,1.0,0.6161983013153076,7.182302397268359e-07,0.09505841135978699,0.6161983013153076,0.7182302474975586,9.505841262580361e-06,1.3344380855560303
256,1.0,0.6571933031082153,6.749556860086159e-07,0.0951177179813385,0.6571933031082153,0.6749556660652161,9.51177116803592e-06,1.3321585655212402
257,1.0,0.6202471256256104,7.141990749914839e-07,0.09511370211839676,0.6202471256256104,0.7141990661621094,9.511370080872439e-06,1.3344557285308838
258,1.0,0.6340857744216919,6.726065180373553e-07,0.09515625238418579,0.6340857744216919,0.6726065278053284,9.515624697087333e-06,1.306701898574829
259,1.0,0.6086894869804382,6.84557903696259e-07,0.09516116976737976,0.6086894869804382,0.6845579147338867,9.516116733720992e-06,1.2932569980621338
260,1.0,0.6253417730331421,6.573815198862576e-07,0.09517702460289001,0.6253417730331421,0.657381534576416,9.517701982986182e-06,1.2827328443527222
261,1.0,0.6098901629447937,6.672252652606403e-07,0.09519588947296143,0.6098901629447937,0.6672252416610718,9.519588274997659e-06,1.2771248817443848
262,1.0,0.6154441237449646,6.574234703293769e-07,0.09520182013511658,0.6154441237449646,0.6574234962463379,9.520182175037917e-06,1.2728772163391113
263,1.0,0.6124368906021118,6.559001235473261e-07,0.09521254152059555,0.6124368906021118,0.6559001207351685,9.521253559796605e-06,1.2683465480804443
264,1.0,0.599172830581665,6.721848535562458e-07,0.09521263837814331,0.599172830581665,0.6721848249435425,9.521263564238325e-06,1.2713671922683716
265,1.0,0.6323456764221191,6.528309768327745e-07,0.09522251039743423,0.6323456764221191,0.652830958366394,9.522250365989748e-06,1.2851861715316772
266,1.0,0.6009308099746704,7.488409892175696e-07,0.09522213786840439,0.6009308099746704,0.7488409876823425,9.522213986201677e-06,1.3497812747955322
267,1.0,0.6804665327072144,6.978103783694678e-07,0.09526638686656952,0.6804665327072144,0.6978103518486023,9.526638677925803e-06,1.378286361694336
268,1.0,0.630087673664093,8.074683819359052e-07,0.0952775776386261,0.630087673664093,0.8074683547019958,9.527757356408983e-06,1.437565565109253
269,1.0,0.6431435346603394,6.698129482174409e-07,0.09539701044559479,0.6431435346603394,0.6698129773139954,9.539700840832666e-06,1.3129661083221436
270,1.0,0.6467716097831726,6.562959811162727e-07,0.09544801712036133,0.6467716097831726,0.6562959551811218,9.544801287120208e-06,1.3030771017074585
271,1.0,0.6085867881774902,7.275077678059461e-07,0.09550794959068298,0.6085867881774902,0.7275077700614929,9.550794857204892e-06,1.336104154586792
272,1.0,0.6669816374778748,6.68030736505898e-07,0.09559470415115356,0.6669816374778748,0.6680307388305664,9.559470527165104e-06,1.33502197265625
273,1.0,0.6211189031600952,7.213344588308246e-07,0.095596544444561,0.6211189031600952,0.7213344573974609,9.559654245094862e-06,1.3424628973007202
274,1.0,0.637118399143219,6.703544386255089e-07,0.09565699845552444,0.637118399143219,0.670354425907135,9.565699656377546e-06,1.307482361793518
275,1.0,0.6261454820632935,6.671256755907962e-07,0.0956750363111496,0.6261454820632935,0.6671257019042969,9.567503184371162e-06,1.2932807207107544
276,1.0,0.6199274063110352,6.61611352370528e-07,0.09570206701755524,0.6199274063110352,0.6616113781929016,9.570206202624831e-06,1.281548261642456
277,1.0,0.622866690158844,6.50935476187442e-07,0.09573027491569519,0.622866690158844,0.6509354710578918,9.573027455189731e-06,1.2738116979599
278,1.0,0.6006262302398682,6.752075023541693e-07,0.09573221206665039,0.6006262302398682,0.6752074956893921,9.573221177561209e-06,1.2758432626724243
279,1.0,0.6358316540718079,6.444678319894592e-07,0.09574837237596512,0.6358316540718079,0.644467830657959,9.574837349646259e-06,1.2803089618682861
280,1.0,0.5902947187423706,7.276929068211757e-07,0.09575416147708893,0.5902947187423706,0.7276929020881653,9.575415788276587e-06,1.3179972171783447
281,1.0,0.6771136522293091,6.741438483004458e-07,0.09579092264175415,0.6771136522293091,0.6741438508033752,9.579091965861153e-06,1.3512670993804932
282,1.0,0.6342294812202454,7.940195132505323e-07,0.09579767286777496,0.6342294812202454,0.7940195202827454,9.579766810929868e-06,1.4282585382461548
283,1.0,0.6402490735054016,6.915287826814165e-07,0.09589944779872894,0.6402490735054016,0.6915287971496582,9.58994496613741e-06,1.331787347793579
284,1.0,0.6560617685317993,6.432559302993468e-07,0.09594227373600006,0.6560617685317993,0.6432559490203857,9.594226867193356e-06,1.2993272542953491
285,1.0,0.6059337258338928,6.881491572130471e-07,0.0960167646408081,0.6059337258338928,0.6881491541862488,9.601676538295578e-06,1.2940925359725952
286,1.0,0.6559852957725525,6.482683829744929e-07,0.09608852863311768,0.6559852957725525,0.6482684016227722,9.608852451492567e-06,1.3042633533477783
287,1.0,0.617336094379425,7.093416911629902e-07,0.09609933942556381,0.617336094379425,0.7093417048454285,9.609933840692975e-06,1.3266874551773071
288,1.0,0.648114800453186,6.684719551230955e-07,0.0961432084441185,0.648114800453186,0.6684719324111938,9.614320333639625e-06,1.3165963888168335
289,1.0,0.6162344813346863,7.012071137069142e-07,0.09613916277885437,0.6162344813346863,0.7012071013450623,9.613915608497337e-06,1.3174512386322021
290,1.0,0.6416071057319641,6.458895995820058e-07,0.09617652744054794,0.6416071057319641,0.6458895802497864,9.617652722226921e-06,1.287506341934204
291,1.0,0.604036808013916,6.713106586175854e-07,0.09618297964334488,0.604036808013916,0.6713106632232666,9.618297553970478e-06,1.2753571271896362
292,1.0,0.619214653968811,6.422640694836446e-07,0.09621761739253998,0.619214653968811,0.6422640681266785,9.621761819289532e-06,1.2614883184432983
293,1.0,0.608371376991272,6.437134061343386e-07,0.09624344855546951,0.608371376991272,0.6437134146690369,9.624344784242567e-06,1.2520943880081177
294,1.0,0.6023105978965759,6.431740757761872e-07,0.09625586122274399,0.6023105978965759,0.6431740522384644,9.625586244510487e-06,1.2454942464828491
295,1.0,0.6038432717323303,6.357859092531726e-07,0.09626485407352448,0.6038432717323303,0.6357859373092651,9.626484825275838e-06,1.2396389245986938
296,1.0,0.5886298418045044,6.470939979408286e-07,0.09626566618680954,0.5886298418045044,0.6470940113067627,9.626566679798998e-06,1.2357335090637207
297,1.0,0.6079607605934143,6.24626295575581e-07,0.09626522660255432,0.6079607605934143,0.6246262788772583,9.626522114558611e-06,1.232596755027771
298,1.0,0.57316654920578,6.655471906924504e-07,0.09625798463821411,0.57316654920578,0.6655471920967102,9.625798156776e-06,1.2387233972549438
299,1.0,0.6392998695373535,6.225326387720997e-07,0.09626489877700806,0.6392998695373535,0.6225326657295227,9.626489372749347e-06,1.261842131614685
300,1.0,0.5859649181365967,7.807752808730584e-07,0.09626013040542603,0.5859649181365967,0.7807753086090088,9.626012797525618e-06,1.366749882698059
301,1.0,0.6956332325935364,7.225507943076082e-07,0.09632366895675659,0.6956332325935364,0.7225508093833923,9.632366527512204e-06,1.4181936979293823
302,1.0,0.6943971514701843,8.470902912449674e-07,0.096341572701931,0.6943971514701843,0.8470903038978577,9.634157322579995e-06,1.5414971113204956
303,1.0,0.6367282867431641,6.988129825913347e-07,0.0965278372168541,0.6367282867431641,0.6988129615783691,9.652783774072304e-06,1.3355509042739868
304,1.0,0.7096805572509766,6.42387647076248e-07,0.09665408730506897,0.7096805572509766,0.6423876285552979,9.665408470027614e-06,1.352077841758728
305,1.0,0.6414768099784851,7.717804919593618e-07,0.09675973653793335,0.6414768099784851,0.7717804908752441,9.675973160483409e-06,1.4132670164108276
306,1.0,0.701214075088501,6.908032332830771e-07,0.09689611196517944,0.701214075088501,0.6908032298088074,9.689611033536494e-06,1.3920270204544067
307,1.0,0.6695804595947266,7.680793601139158e-07,0.09693801403045654,0.6695804595947266,0.7680793404579163,9.693801075627562e-06,1.4376693964004517
308,1.0,0.7043349742889404,6.812377932874369e-07,0.09704943001270294,0.7043349742889404,0.6812378168106079,9.70494238572428e-06,1.385582447052002
309,1.0,0.6546398401260376,7.356459832408291e-07,0.09709630906581879,0.6546398401260376,0.7356460094451904,9.70963083091192e-06,1.3902955055236816
310,1.0,0.6837130188941956,6.600356527997064e-07,0.09717664122581482,0.6837130188941956,0.6600356698036194,9.717663488117978e-06,1.343758463859558
311,1.0,0.6443203687667847,6.887157155688328e-07,0.09723405539989471,0.6443203687667847,0.6887156963348389,9.72340512817027e-06,1.3330458402633667
312,1.0,0.6583771705627441,6.620664407819277e-07,0.09729227423667908,0.6583771705627441,0.6620664596557617,9.729226803756319e-06,1.320453405380249
313,1.0,0.6330337524414062,6.935744636393792e-07,0.09733329713344574,0.6330337524414062,0.6935744881629944,9.733329534356017e-06,1.326617956161499
314,1.0,0.6669535636901855,6.660804388047836e-07,0.09737644344568253,0.6669535636901855,0.6660804152488708,9.737644177221227e-06,1.3330438137054443
315,1.0,0.6316314339637756,7.752795454507577e-07,0.0973910540342331,0.6316314339637756,0.7752795219421387,9.739104825712275e-06,1.4069206714630127
316,1.0,0.7067130208015442,7.365009651039145e-07,0.0974697396159172,0.7067130208015442,0.7365009784698486,9.746973773872014e-06,1.4432237148284912
317,1.0,0.696035623550415,8.820644552542944e-07,0.097475066781044,0.696035623550415,0.8820644617080688,9.747506737767253e-06,1.578109860420227
318,1.0,0.6902116537094116,7.054914021864533e-07,0.09763163328170776,0.6902116537094116,0.7054914236068726,9.763162779563572e-06,1.3957128524780273
319,1.0,0.6583309173583984,7.058120559122472e-07,0.09771540760993958,0.6583309173583984,0.7058120369911194,9.771540135261603e-06,1.3641526699066162
320,1.0,0.6665095686912537,6.856088816675765e-07,0.09781939536333084,0.6665095686912537,0.6856088638305664,9.781939297681674e-06,1.352128267288208
321,1.0,0.6682621240615845,6.889716246405442e-07,0.09792064875364304,0.6682621240615845,0.6889716386795044,9.792064702196512e-06,1.357243537902832
322,1.0,0.6592411398887634,7.447657708326005e-07,0.0979534387588501,0.6592411398887634,0.7447657585144043,9.795343430596404e-06,1.4040167331695557
323,1.0,0.7047838568687439,6.968164711906866e-07,0.0980328768491745,0.7047838568687439,0.6968164443969727,9.80328786681639e-06,1.4016101360321045
324,1.0,0.6420235633850098,8.235143695856095e-07,0.0980459451675415,0.6420235633850098,0.8235143423080444,9.804593901208136e-06,1.4655476808547974
325,1.0,0.7047566771507263,6.849842293377151e-07,0.09813257306814194,0.7047566771507263,0.6849842071533203,9.813256838242523e-06,1.3897507190704346
326,1.0,0.6401126980781555,7.306032898668491e-07,0.09815959632396698,0.6401126980781555,0.7306032776832581,9.81595894700149e-06,1.3707257509231567
327,1.0,0.6658867597579956,6.604151963074401e-07,0.09824570268392563,0.6658867597579956,0.6604151725769043,9.824570042837877e-06,1.326311707496643
328,1.0,0.6461817622184753,6.654973390141095e-07,0.09831541776657104,0.6461817622184753,0.665497362613678,9.831541319726966e-06,1.3116888999938965
329,1.0,0.6253936290740967,6.778566898901772e-07,0.0983574166893959,0.6253936290740967,0.6778566837310791,9.835741366259754e-06,1.3032602071762085
330,1.0,0.652572751045227,6.45326338144514e-07,0.09839135408401489,0.652572751045227,0.6453263163566589,9.83913560048677e-06,1.297908902168274
331,1.0,0.6103308796882629,7.07456251802796e-07,0.09839369356632233,0.6103308796882629,0.7074562311172485,9.839369340625126e-06,1.317797064781189
332,1.0,0.6755008697509766,6.802596317356802e-07,0.09841053187847137,0.6755008697509766,0.680259644985199,9.841052815318108e-06,1.355770468711853
333,1.0,0.6611400842666626,8.378956408705562e-07,0.09839722514152527,0.6611400842666626,0.8378956317901611,9.839722224569414e-06,1.4990456104278564
334,1.0,0.6921431422233582,7.385689286820707e-07,0.09849908947944641,0.6921431422233582,0.738568902015686,9.84990856522927e-06,1.4307218790054321
335,1.0,0.6702203750610352,7.344463028857717e-07,0.09853300452232361,0.6702203750610352,0.7344462871551514,9.853300070972182e-06,1.4046765565872192
336,1.0,0.6491118669509888,6.647881036769832e-07,0.09866451472043991,0.6491118669509888,0.6647881269454956,9.866451364359818e-06,1.313909888267517
337,1.0,0.6512500643730164,6.661980478384066e-07,0.09874828904867172,0.6512500643730164,0.6661980748176575,9.874828720057849e-06,1.3174580335617065
338,1.0,0.6434292197227478,7.068462082315818e-07,0.09879149496555328,0.6434292197227478,0.7068462371826172,9.87914881989127e-06,1.3502854108810425
339,1.0,0.6709288358688354,6.760213295819995e-07,0.09886473417282104,0.6709288358688354,0.6760213375091553,9.886472980724648e-06,1.3469600677490234
340,1.0,0.6309235692024231,7.446298013746855e-07,0.09884795546531677,0.6309235692024231,0.7446298003196716,9.884794962999877e-06,1.3755632638931274
341,1.0,0.6764932870864868,6.591126293642446e-07,0.0988922193646431,0.6764932870864868,0.6591126322746277,9.889221473713405e-06,1.3356157541275024
342,1.0,0.6191756725311279,6.999360948611866e-07,0.09889218956232071,0.6191756725311279,0.6999360918998718,9.8892187452293e-06,1.3191217184066772
343,1.0,0.6491535305976868,6.398512937266787e-07,0.09892112761735916,0.6491535305976868,0.6398512721061707,9.892112757370342e-06,1.2890146970748901
344,1.0,0.6152697205543518,6.587861207663082e-07,0.09894703328609467,0.6152697205543518,0.6587861180305481,9.894702998280991e-06,1.2740657329559326
345,1.0,0.6251102685928345,6.410938340195571e-07,0.0989643782377243,0.6251102685928345,0.6410938501358032,9.896437404677272e-06,1.2662140130996704
346,1.0,0.614774227142334,6.41184954019991e-07,0.09898435324430466,0.614774227142334,0.64118492603302,9.898434655042365e-06,1.2559690475463867
347,1.0,0.603323221206665,6.486437769126496e-07,0.09898360073566437,0.603323221206665,0.6486437916755676,9.89836007647682e-06,1.2519768476486206
348,1.0,0.6262836456298828,6.306091222540999e-07,0.09898686408996582,0.6262836456298828,0.6306090950965881,9.898686585074756e-06,1.2569025754928589
349,1.0,0.5963274836540222,7.110653541531065e-07,0.09897129237651825,0.5963274836540222,0.7110653519630432,9.89712862065062e-06,1.3074027299880981
350,1.0,0.6828874945640564,6.92390244694252e-07,0.09899875521659851,0.6828874945640564,0.6923902630805969,9.899875294649974e-06,1.375287652015686
351,1.0,0.6699383854866028,8.732648666409659e-07,0.09899725019931793,0.6699383854866028,0.8732648491859436,9.89972431852948e-06,1.543213129043579
352,1.0,0.6543465852737427,6.966147338971496e-07,0.09913311153650284,0.6543465852737427,0.6966147422790527,9.913311259879265e-06,1.3509712219238281
353,1.0,0.6548266410827637,6.532760608024546e-07,0.09918220341205597,0.6548266410827637,0.6532760858535767,9.918219802784733e-06,1.308112621307373
354,1.0,0.6408513784408569,6.826555249972444e-07,0.09928103536367416,0.6408513784408569,0.6826555132865906,9.9281032817089e-06,1.3235167264938354
355,1.0,0.6649280786514282,6.608746048186731e-07,0.09939493238925934,0.6649280786514282,0.660874605178833,9.939492883859202e-06,1.325812578201294
356,1.0,0.635629415512085,7.2160912623076e-07,0.09941691160202026,0.635629415512085,0.7216091156005859,9.941691132553387e-06,1.3572484254837036
357,1.0,0.6696480512619019,6.520979809465643e-07,0.09950241446495056,0.6696480512619019,0.6520980000495911,9.950241292244755e-06,1.3217560052871704
358,1.0,0.6277590990066528,6.913444963174697e-07,0.09950989484786987,0.6277590990066528,0.6913444995880127,9.950988896889612e-06,1.3191134929656982
359,1.0,0.6562450528144836,6.348049055304728e-07,0.09954444319009781,0.6562450528144836,0.634804904460907,9.954444067261647e-06,1.291059970855713
360,1.0,0.617743194103241,6.593565444745764e-07,0.09957614541053772,0.617743194103241,0.6593565344810486,9.957614565792028e-06,1.2771097421646118
361,1.0,0.63427734375,6.303235977611621e-07,0.0995977595448494,0.63427734375,0.630323588848114,9.95977552520344e-06,1.264611005783081
362,1.0,0.6076637506484985,6.460408030761755e-07,0.09960624575614929,0.6076637506484985,0.6460407972335815,9.960624083760194e-06,1.2537145614624023
363,1.0,0.621189296245575,6.252213893276348e-07,0.09962501376867294,0.621189296245575,0.6252213716506958,9.962501280824654e-06,1.2464206218719482
364,1.0,0.5960504412651062,6.49170829092327e-07,0.09962725639343262,0.5960504412651062,0.6491708159446716,9.96272501652129e-06,1.2452312707901
365,1.0,0.6323045492172241,6.228123083928949e-07,0.0996369868516922,0.6323045492172241,0.6228123307228088,9.963698175852187e-06,1.255126953125
366,1.0,0.5978874564170837,7.257593779286253e-07,0.09963055700063705,0.5978874564170837,0.7257593870162964,9.963055163098034e-06,1.3236567974090576
367,1.0,0.6851047873497009,7.012002356532321e-07,0.09967441111803055,0.6851047873497009,0.7012002468109131,9.967440746549983e-06,1.386315107345581
368,1.0,0.6669790744781494,8.481985105390777e-07,0.09966552257537842,0.6669790744781494,0.8481985330581665,9.96655217022635e-06,1.5151876211166382
369,1.0,0.6460680961608887,6.745484029124782e-07,0.09980584681034088,0.6460680961608887,0.6745483875274658,9.980584763980005e-06,1.3206264972686768
370,1.0,0.6515443325042725,6.517174142572912e-07,0.09987540543079376,0.6515443325042725,0.6517174243927002,9.987540579459164e-06,1.303271770477295
371,1.0,0.6366229057312012,7.029622679510794e-07,0.0999697670340538,0.6366229057312012,0.7029622793197632,9.996976586990058e-06,1.3395951986312866
372,1.0,0.6822867393493652,6.571610811079154e-07,0.10008978843688965,0.6822867393493652,0.6571610569953918,1.0008978279074654e-05,1.3394577503204346
373,1.0,0.6378879547119141,7.372450454568025e-07,0.10010270774364471,0.6378879547119141,0.7372450232505798,1.0010270671045873e-05,1.375143051147461
374,1.0,0.6652938723564148,6.52370090392651e-07,0.1001930981874466,0.6652938723564148,0.6523700952529907,1.0019309229392093e-05,1.317673921585083
375,1.0,0.6228973865509033,6.768901812392869e-07,0.10022532939910889,0.6228973865509033,0.6768901944160461,1.0022532478615176e-05,1.299797534942627
376,1.0,0.6501248478889465,6.26851146989793e-07,0.10025405138731003,0.6501248478889465,0.6268511414527893,1.0025404662883375e-05,1.276986002922058
377,1.0,0.6199269890785217,6.459248425016995e-07,0.100284643471241,0.6199269890785217,0.6459248661994934,1.0028464203060139e-05,1.2658618688583374
378,1.0,0.6207213997840881,6.418036946342909e-07,0.1002957820892334,0.6207213997840881,0.6418036818504333,1.002957833406981e-05,1.2625350952148438
379,1.0,0.6285989880561829,6.311835250016884e-07,0.10031738877296448,0.6285989880561829,0.6311835050582886,1.0031738383986522e-05,1.2597925662994385
380,1.0,0.6025848388671875,6.900576181578799e-07,0.10030709952116013,0.6025848388671875,0.690057635307312,1.0030709745478816e-05,1.2926524877548218
381,1.0,0.6746872663497925,6.515985546684533e-07,0.10033784061670303,0.6746872663497925,0.6515985727310181,1.0033783837570809e-05,1.3262958526611328
382,1.0,0.6229982376098633,8.024482553992129e-07,0.10032935440540314,0.6229982376098633,0.8024482727050781,1.0032935279014055e-05,1.4254565238952637
383,1.0,0.666388213634491,6.683355309178296e-07,0.1004175916314125,0.666388213634491,0.6683355569839478,1.0041759196610656e-05,1.3347337245941162
384,1.0,0.6360359787940979,6.53202391731611e-07,0.1004340797662735,0.6360359787940979,0.6532024145126343,1.004340811050497e-05,1.2892484664916992
385,1.0,0.6099746227264404,6.505289888991683e-07,0.10051852464675903,0.6099746227264404,0.6505289673805237,1.005185185931623e-05,1.2605135440826416
386,1.0,0.6428684592247009,6.263588261390396e-07,0.10059459507465363,0.6428684592247009,0.6263588070869446,1.0059458873001859e-05,1.2692372798919678
387,1.0,0.6163882613182068,6.777495968890435e-07,0.10060913115739822,0.6163882613182068,0.6777495741844177,1.0060913155029994e-05,1.2941478490829468
388,1.0,0.6413291692733765,6.436582680180436e-07,0.10064730793237686,0.6413291692733765,0.6436582803726196,1.0064730304293334e-05,1.2849974632263184
389,1.0,0.6137987971305847,6.754781907147844e-07,0.10062666237354279,0.6137987971305847,0.6754782199859619,1.006266575132031e-05,1.2892870903015137
390,1.0,0.6293349862098694,6.27590338808659e-07,0.10065831243991852,0.6293349862098694,0.6275903582572937,1.006583079288248e-05,1.2569353580474854
391,1.0,0.6029857993125916,6.388396514012129e-07,0.10064472258090973,0.6029857993125916,0.6388396620750427,1.0064472007798031e-05,1.2418354749679565
392,1.0,0.6126262545585632,6.136305046311463e-07,0.1006661206483841,0.6126262545585632,0.6136305332183838,1.0066612048831303e-05,1.226266860961914
393,1.0,0.5973507761955261,6.18621072590031e-07,0.10067436099052429,0.5973507761955261,0.6186210513114929,1.0067436051031109e-05,1.2159818410873413
394,1.0,0.5931128859519958,6.159734766697511e-07,0.100673608481884,0.5931128859519958,0.6159734725952148,1.0067360562970862e-05,1.2090964317321777
395,1.0,0.5955899953842163,6.087953465794271e-07,0.10067924112081528,0.5955899953842163,0.6087953448295593,1.006792354019126e-05,1.2043952941894531
396,1.0,0.5777298212051392,6.283900120251928e-07,0.10066623985767365,0.5777298212051392,0.6283900141716003,1.0066623872262426e-05,1.206129789352417
397,1.0,0.6135435700416565,6.085814447942539e-07,0.10066749155521393,0.6135435700416565,0.6085814237594604,1.0066748473036569e-05,1.222135066986084
398,1.0,0.5864738821983337,7.005049837971455e-07,0.10065023601055145,0.5864738821983337,0.7005049586296082,1.0065023161587305e-05,1.2869888544082642
399,1.0,0.6583491563796997,6.583111371583072e-07,0.1006835550069809,0.6583491563796997,0.658311128616333,1.0068355550174601e-05,1.316670298576355
400,1.0,0.62124103307724,7.433852147187281e-07,0.1006825715303421,0.62124103307724,0.7433851957321167,1.006825732474681e-05,1.3646361827850342
401,1.0,0.6148182153701782,6.305802457973186e-07,0.10078202188014984,0.6148182153701782,0.6305802464485168,1.0078201739815995e-05,1.2454086542129517
402,1.0,0.6288695335388184,6.103426812842372e-07,0.1008162647485733,0.6288695335388184,0.6103426814079285,1.008162598736817e-05,1.2392224073410034
403,1.0,0.6024529933929443,6.713740958730341e-07,0.10085782408714294,0.6024529933929443,0.6713740825653076,1.0085782378155272e-05,1.2738372087478638
404,1.0,0.6344131827354431,6.29555870546028e-07,0.10093246400356293,0.6344131827354431,0.629555881023407,1.0093245691678021e-05,1.263979196548462
405,1.0,0.6126143932342529,6.470745006481593e-07,0.10092292726039886,0.6126143932342529,0.6470745205879211,1.0092292541230563e-05,1.2596989870071411
406,1.0,0.6119441986083984,6.195629111971357e-07,0.10097416490316391,0.6119441986083984,0.6195629239082336,1.0097416634380352e-05,1.2315171957015991
407,1.0,0.607684314250946,6.137751142887282e-07,0.10099251568317413,0.607684314250946,0.6137751340866089,1.0099251085193828e-05,1.221469521522522
408,1.0,0.6020156741142273,6.101545864112268e-07,0.10100437700748444,0.6020156741142273,0.6101545691490173,1.010043706628494e-05,1.2121803760528564
409,1.0,0.5975177884101868,6.097704385865654e-07,0.10102042555809021,0.5975177884101868,0.6097704172134399,1.0102042324433569e-05,1.2072983980178833
410,1.0,0.5891109704971313,6.220476507223793e-07,0.10101284831762314,0.5891109704971313,0.6220476627349854,1.0101284715346992e-05,1.2111687660217285
411,1.0,0.6097154021263123,6.076246563679888e-07,0.10102993249893188,0.6097154021263123,0.6076246500015259,1.0102992746396922e-05,1.2173501253128052
412,1.0,0.5828931331634521,6.629024369431136e-07,0.10102227330207825,0.5828931331634521,0.6629024147987366,1.0102226951858029e-05,1.2458056211471558
413,1.0,0.6349072456359863,6.158693395263981e-07,0.10105359554290771,0.6349072456359863,0.6158693432807922,1.0105359251610935e-05,1.2507866621017456
414,1.0,0.5844720005989075,6.782371997360315e-07,0.10105009377002716,0.5844720005989075,0.6782371997833252,1.0105009096150752e-05,1.2627192735671997
415,1.0,0.6098257899284363,6.037031425876194e-07,0.10109439492225647,0.6098257899284363,0.6037031412124634,1.0109439244843088e-05,1.2135390043258667
416,1.0,0.5855022668838501,6.045231657481054e-07,0.10110242664813995,0.5855022668838501,0.6045231819152832,1.0110242328664754e-05,1.1900355815887451
417,1.0,0.5820472240447998,6.097133109506103e-07,0.10112005472183228,0.5820472240447998,0.6097133159637451,1.011200492939679e-05,1.1917706727981567
418,1.0,0.5981687307357788,5.992852720737574e-07,0.10114734619855881,0.5981687307357788,0.5992852449417114,1.011473432299681e-05,1.197464108467102
419,1.0,0.5775027871131897,6.268390961849946e-07,0.10113466531038284,0.5775027871131897,0.6268391013145447,1.0113466487382539e-05,1.2043520212173462
420,1.0,0.5973038077354431,5.996278673592315e-07,0.10115235298871994,0.5973038077354431,0.5996278524398804,1.0115235454577487e-05,1.1969417333602905
421,1.0,0.5804629921913147,6.126824700913858e-07,0.10113156586885452,0.5804629921913147,0.6126824617385864,1.0113156349689234e-05,1.1931556463241577
422,1.0,0.5826870799064636,5.945198608969804e-07,0.10114046931266785,0.5826870799064636,0.594519853591919,1.011404674500227e-05,1.1772171258926392
423,1.0,0.575624942779541,5.934434170740133e-07,0.10113409906625748,0.575624942779541,0.5934433937072754,1.0113410098711029e-05,1.1690784692764282
424,1.0,0.5748229622840881,5.872649353477755e-07,0.10113406181335449,0.5748229622840881,0.5872649550437927,1.011340555123752e-05,1.1620980501174927
425,1.0,0.5657722353935242,5.911762741561688e-07,0.10113485157489777,0.5657722353935242,0.5911762714385986,1.0113484677276574e-05,1.1569586992263794
426,1.0,0.570686399936676,5.825273206028214e-07,0.10112686455249786,0.570686399936676,0.5825273394584656,1.0112686140928417e-05,1.1532238721847534
427,1.0,0.5624958872795105,5.870702466381772e-07,0.10112028568983078,0.5624958872795105,0.5870702266693115,1.0112028576259036e-05,1.1495763063430786
428,1.0,0.5621868371963501,5.876287332284846e-07,0.10110197216272354,0.5621868371963501,0.5876287221908569,1.0110196853929665e-05,1.1498256921768188
429,1.0,0.5742926001548767,5.81883455197385e-07,0.10109954327344894,0.5742926001548767,0.581883430480957,1.0109954018844292e-05,1.1561862230300903
430,1.0,0.5590869188308716,6.282072604335553e-07,0.10108622908592224,0.5590869188308716,0.628207266330719,1.0108622518600896e-05,1.1873043775558472
431,1.0,0.6127175092697144,6.091785849093867e-07,0.10109986364841461,0.6127175092697144,0.6091786026954651,1.0109985851158854e-05,1.221906304359436
432,1.0,0.5830049514770508,7.086015898494225e-07,0.10108590871095657,0.5830049514770508,0.7086015939712524,1.0108590686286334e-05,1.291616678237915
433,1.0,0.6080814599990845,6.099888878452475e-07,0.10115466266870499,0.6080814599990845,0.6099888682365417,1.0115465556737036e-05,1.2180804014205933
434,1.0,0.5875194072723389,6.0553486491699e-07,0.10115593671798706,0.5875194072723389,0.6055348515510559,1.0115593795489985e-05,1.1930643320083618
435,1.0,0.589016854763031,6.061615067665116e-07,0.10122184455394745,0.589016854763031,0.6061615347862244,1.0122183994099032e-05,1.1951885223388672
436,1.0,0.6047179698944092,5.962609748166869e-07,0.10129762440919876,0.6047179698944092,0.5962609648704529,1.0129761903954204e-05,1.2009891271591187
437,1.0,0.5864899754524231,6.234316742848023e-07,0.10129523277282715,0.5864899754524231,0.6234316825866699,1.0129522706847638e-05,1.20993173122406
438,1.0,0.5943228602409363,5.980775767966406e-07,0.10133993625640869,0.5943228602409363,0.5980775952339172,1.0133993782801554e-05,1.1924105882644653
439,1.0,0.5824295282363892,5.996938625685289e-07,0.10134291648864746,0.5824295282363892,0.5996938347816467,1.0134291187569033e-05,1.1821335554122925
440,1.0,0.5901675820350647,5.821364084113156e-07,0.10136093944311142,0.5901675820350647,0.5821363925933838,1.0136093806067947e-05,1.1723140478134155
441,1.0,0.5756090879440308,5.888510941076674e-07,0.10137428343296051,0.5756090879440308,0.5888510942459106,1.0137428034795448e-05,1.1644703149795532
442,1.0,0.576988160610199,5.830739837620058e-07,0.10137778520584106,0.576988160610199,0.5830739736557007,1.013777819025563e-05,1.1600722074508667
443,1.0,0.5732330679893494,5.839685854880372e-07,0.10139556974172592,0.5732330679893494,0.5839685797691345,1.0139557161892299e-05,1.1572117805480957
444,1.0,0.5657423138618469,5.963280500509427e-07,0.10139566659927368,0.5657423138618469,0.59632807970047,1.0139566256839316e-05,1.1620805263519287
445,1.0,0.5918486714363098,5.801181828246627e-07,0.10141472518444061,0.5918486714363098,0.5801181793212891,1.0141472557734232e-05,1.171976923942566
446,1.0,0.558514416217804,6.519059070342337e-07,0.10140211135149002,0.558514416217804,0.65190589427948,1.0140211088582873e-05,1.2104305028915405
447,1.0,0.6204229593276978,6.028977850291994e-07,0.10143968462944031,0.6204229593276978,0.6028977632522583,1.0143968211195897e-05,1.2233308553695679
448,1.0,0.5747576355934143,6.65011953060457e-07,0.1014370322227478,0.5747576355934143,0.6650119423866272,1.014370263874298e-05,1.2397797107696533
449,1.0,0.5883668065071106,5.896227435187029e-07,0.1015060544013977,0.5883668065071106,0.5896227359771729,1.0150604794034734e-05,1.1779996156692505
450,1.0,0.5877994894981384,5.760609269600536e-07,0.10152781009674072,0.5877994894981384,0.576060950756073,1.0152780305361375e-05,1.1638705730438232
451,1.0,0.562284529209137,6.133993224466394e-07,0.10155930370092392,0.562284529209137,0.6133993268013,1.0155929885513615e-05,1.1756939888000488
452,1.0,0.5994603037834167,5.820505748488358e-07,0.1016070693731308,0.5994603037834167,0.5820505619049072,1.0160706551687326e-05,1.1815210580825806
453,1.0,0.5688514709472656,6.175854423418059e-07,0.10159118473529816,0.5688514709472656,0.6175854206085205,1.015911857393803e-05,1.186447024345398
454,1.0,0.5863156914710999,5.851034643455932e-07,0.10162187367677689,0.5863156914710999,0.585103452205658,1.0162187209061813e-05,1.1714292764663696
455,1.0,0.5735628008842468,5.881852302991319e-07,0.10161451995372772,0.5735628008842468,0.5881852507591248,1.0161451427848078e-05,1.1617581844329834
456,1.0,0.5736650824546814,5.781650997960242e-07,0.10162191838026047,0.5736650824546814,0.5781651139259338,1.0162191756535321e-05,1.151840329170227
457,1.0,0.5707287192344666,5.767534503320348e-07,0.10162462294101715,0.5707287192344666,0.5767534375190735,1.0162461876461748e-05,1.1474922895431519
458,1.0,0.5635591745376587,5.807738148178032e-07,0.10162173956632614,0.5635591745376587,0.5807738304138184,1.0162173566641286e-05,1.1443431377410889
459,1.0,0.569058358669281,5.724753577851516e-07,0.10162466764450073,0.569058358669281,0.5724753737449646,1.0162466423935257e-05,1.1415438652038574
460,1.0,0.5557848811149597,5.874095450053574e-07,0.10161778330802917,0.5557848811149597,0.5874095559120178,1.0161777936446015e-05,1.1432045698165894
461,1.0,0.5759286880493164,5.734485739594675e-07,0.1016281396150589,0.5759286880493164,0.5734485983848572,1.0162813850911334e-05,1.1493874788284302
462,1.0,0.5561078190803528,6.200850748427911e-07,0.10161972045898438,0.5561078190803528,0.6200850605964661,1.0161971658817492e-05,1.1762030124664307
463,1.0,0.6010010838508606,5.969187668597442e-07,0.10164476931095123,0.6010010838508606,0.5969187617301941,1.0164476407226175e-05,1.1979299783706665
464,1.0,0.5703451037406921,6.649923989243689e-07,0.10163102298974991,0.5703451037406921,0.6649923920631409,1.0163102160731796e-05,1.2353476285934448
465,1.0,0.5958914756774902,5.892420062991732e-07,0.10169166326522827,0.5958914756774902,0.5892419815063477,1.0169165761908516e-05,1.1851435899734497
466,1.0,0.5768344402313232,5.806699050481257e-07,0.1016978994011879,0.5768344402313232,0.5806698799133301,1.0169789675273933e-05,1.1575144529342651
467,1.0,0.5626236200332642,5.917265184507414e-07,0.10174277424812317,0.5626236200332642,0.591726541519165,1.017427712213248e-05,1.154360294342041
468,1.0,0.5931669473648071,5.729045255975507e-07,0.10179349780082703,0.5931669473648071,0.5729045271873474,1.0179349374084268e-05,1.1660815477371216
469,1.0,0.5638864040374756,6.201977953423921e-07,0.10179276019334793,0.5638864040374756,0.6201977729797363,1.0179275705013424e-05,1.1840943098068237
470,1.0,0.592695951461792,5.841478696311242e-07,0.1018357127904892,0.592695951461792,0.5841478705406189,1.0183571248489898e-05,1.1768540143966675
471,1.0,0.5725324153900146,6.007801971463778e-07,0.10182937979698181,0.5725324153900146,0.600780189037323,1.0182937330682762e-05,1.1733227968215942
472,1.0,0.5750712156295776,5.791949888589443e-07,0.10186842083930969,0.5750712156295776,0.579194962978363,1.0186841791437473e-05,1.1542762517929077
473,1.0,0.5741568207740784,5.726516292270389e-07,0.10188350081443787,0.5741568207740784,0.5726516246795654,1.0188349733653013e-05,1.1468185186386108
474,1.0,0.5609009861946106,5.788108410342829e-07,0.10189839452505112,0.5609009861946106,0.5788108706474304,1.0189839485974517e-05,1.1397219896316528
475,1.0,0.5692481398582458,5.680998356183409e-07,0.10191252082586288,0.5692481398582458,0.568099856376648,1.019125193124637e-05,1.1373580694198608
476,1.0,0.5560913681983948,5.81541257815843e-07,0.1019117683172226,0.5560913681983948,0.5815412402153015,1.0191176443186123e-05,1.137642741203308
477,1.0,0.571459174156189,5.689256568075507e-07,0.10192005336284637,0.571459174156189,0.568925678730011,1.0192004992859438e-05,1.1403950452804565
478,1.0,0.5537751913070679,6.038532092134119e-07,0.10191091895103455,0.5537751913070679,0.6038532257080078,1.0191091860178858e-05,1.1576385498046875
479,1.0,0.5927337408065796,5.817256578666274e-07,0.10193431377410889,0.5927337408065796,0.5817256569862366,1.0193431080551818e-05,1.1744697093963623
480,1.0,0.5653396844863892,6.473502480730531e-07,0.10192514955997467,0.5653396844863892,0.6473502516746521,1.0192514309892431e-05,1.2127001285552979
481,1.0,0.599905252456665,5.926152653046302e-07,0.10198076069355011,0.599905252456665,0.5926152467727661,1.0198075869993772e-05,1.1925307512283325
482,1.0,0.5776546001434326,5.980674586680834e-07,0.10197943449020386,0.5776546001434326,0.5980674624443054,1.0197943083767314e-05,1.1757323741912842
483,1.0,0.5680593252182007,5.839669370288902e-07,0.10204137116670609,0.5680593252182007,0.5839669108390808,1.0204136742686387e-05,1.152036428451538
484,1.0,0.5914256572723389,5.633432920149062e-07,0.10208696126937866,0.5914256572723389,0.5633432865142822,1.0208696039626375e-05,1.1547791957855225
485,1.0,0.5589290857315063,6.087099109208793e-07,0.10210401564836502,0.5589290857315063,0.6087099313735962,1.0210401342192199e-05,1.167649269104004
486,1.0,0.5997504591941833,5.731182000090485e-07,0.10214576870203018,0.5997504591941833,0.5731182098388672,1.0214576832368039e-05,1.1728789806365967
487,1.0,0.5688853859901428,6.146051418909337e-07,0.10213237255811691,0.5688853859901428,0.6146051287651062,1.0213237146672327e-05,1.1835007667541504
488,1.0,0.586057186126709,5.820099886477692e-07,0.10217331349849701,0.586057186126709,0.5820099711418152,1.0217330782325007e-05,1.1680774688720703
489,1.0,0.5753281712532043,5.843648409609159e-07,0.10217875987291336,0.5753281712532043,0.5843648314476013,1.0217875569651369e-05,1.159703254699707
490,1.0,0.569973886013031,5.758207635153667e-07,0.1022072434425354,0.569973886013031,0.5758207440376282,1.0220724107057322e-05,1.1458048820495605
491,1.0,0.5717673301696777,5.680456638401665e-07,0.10222671180963516,0.5717673301696777,0.5680456757545471,1.0222671335213818e-05,1.1398231983184814
492,1.0,0.560639500617981,5.736830530622683e-07,0.10224278271198273,0.560639500617981,0.5736830234527588,1.022427841235185e-05,1.1343327760696411
493,1.0,0.5671238303184509,5.636258606500633e-07,0.10225275158882141,0.5671238303184509,0.5636258721351624,1.0225275218544994e-05,1.1307599544525146
494,1.0,0.5528458952903748,5.770440907326702e-07,0.10225741565227509,0.5528458952903748,0.5770440697669983,1.0225740879832301e-05,1.1299002170562744
495,1.0,0.573625385761261,5.615955842586118e-07,0.10226981341838837,0.573625385761261,0.5615955591201782,1.022698143060552e-05,1.1352312564849854
496,1.0,0.5480178594589233,6.109574428592168e-07,0.10226278007030487,0.5480178594589233,0.6109574437141418,1.0226277481706347e-05,1.1589856147766113
497,1.0,0.6054825782775879,5.8934296021107e-07,0.10228917747735977,0.6054825782775879,0.5893429517745972,1.0228917744825594e-05,1.1948357820510864
498,1.0,0.5784897804260254,6.972117603254446e-07,0.10227985680103302,0.5784897804260254,0.697211742401123,1.0227985512756277e-05,1.2757117748260498
499,1.0,0.6111230850219727,6.119694262451958e-07,0.10237244516611099,0.6111230850219727,0.6119694113731384,1.0237244168820325e-05,1.2231028079986572
500,1.0,0.5906821489334106,6.072042424420943e-07,0.10238693654537201,0.5906821489334106,0.607204258441925,1.023869299388025e-05,1.1978967189788818
